source, target, weight
0, 1, 3846
0, 2, 3846
0, 3, 3846
0, 4, 3039
2, 1578, 373
3, 1210, 5
4, 17, 3448
4, 5, 4095
4, 6, 3448
6, 1573, 34
6, 7, 4095
6, 8, 4095
6, 9, 3448
6, 391, 34
6, 1201, 4
6, 23, 4
9, 395, 4
9, 10, 4095
9, 11, 4095
9, 12, 2710
9, 26, 4
12, 358, 4
12, 13, 2710
12, 1589, 4
12, 56, 34
12, 3327, 34
13, 14, 4095
13, 15, 4095
13, 16, 4095
13, 49, 4
13, 366, 34
13, 3318, 34
13, 1593, 4
13, 3321, 34
17, 18, 7961
17, 19, 3039
18, 1219, 84
19, 20, 3846
19, 21, 3039
20, 1578, 219
21, 41, 3448
21, 22, 4095
21, 23, 3448
23, 1573, 34
23, 1543, 4
23, 49, 4
23, 1234, 34
23, 25, 4095
23, 1559, 34
23, 24, 4095
23, 1529, 4
23, 26, 3448
26, 47, 4
26, 1232, 34
26, 1524, 4
26, 1557, 4
26, 27, 4095
26, 28, 4095
26, 29, 3448
29, 32, 3039
29, 30, 4095
29, 31, 4095
32, 33, 3846
32, 34, 3039
34, 35, 4583
34, 38, 4583
35, 36, 3846
35, 37, 3846
36, 1547, 8
36, 1552, 14
38, 40, 3846
38, 39, 3846
41, 42, 7961
41, 43, 3039
42, 1570, 227
42, 1582, 40
43, 44, 3846
43, 45, 3039
44, 1237, 232
45, 60, 3448
45, 46, 4095
45, 47, 3448
47, 1226, 4
47, 1261, 4
47, 48, 4095
47, 49, 3448
47, 52, 3448
47, 1557, 4
49, 1573, 34
49, 1230, 4
49, 1585, 34
49, 50, 4095
49, 51, 4095
49, 56, 3448
52, 66, 4
52, 1251, 34
52, 68, 4
52, 54, 4095
52, 1606, 4
52, 1225, 4
52, 55, 4095
52, 1247, 34
52, 3061, 4
52, 1622, 4
52, 1559, 4
52, 1625, 34
52, 1627, 34
52, 1245, 4
52, 85, 4
52, 53, 4095
56, 290, 34
56, 59, 4095
56, 388, 4
56, 358, 4
56, 1222, 4
56, 391, 4
56, 364, 34
56, 395, 34
56, 3252, 4
56, 1631, 4
56, 57, 4095
56, 3321, 4
56, 58, 4095
56, 3323, 34
56, 1242, 4
56, 3327, 34
60, 62, 3039
60, 61, 7961
61, 1258, 219
62, 64, 3039
62, 63, 3846
63, 1601, 177
64, 65, 4095
64, 66, 3448
64, 79, 3448
66, 67, 4095
66, 68, 3448
66, 71, 3448
66, 1585, 4
68, 69, 4095
68, 70, 4095
68, 1226, 4
68, 75, 3448
68, 1261, 34
68, 1230, 4
68, 1559, 34
71, 72, 4095
71, 73, 4095
71, 74, 4095
71, 107, 34
71, 109, 4
71, 113, 34
71, 1608, 34
75, 1421, 4
75, 1557, 34
75, 1305, 4
75, 1563, 34
75, 2845, 4
75, 2847, 4
75, 2849, 4
75, 2851, 34
75, 1318, 4
75, 1321, 34
75, 1456, 4
75, 1459, 34
75, 1460, 34
75, 1606, 34
75, 76, 4095
75, 1612, 34
75, 77, 4095
75, 78, 4095
75, 1234, 4
75, 104, 4
75, 1264, 4
75, 1270, 34
75, 1529, 4
79, 80, 7961
79, 81, 3039
80, 1619, 310
81, 82, 3846
81, 83, 3039
82, 1275, 249
83, 98, 3448
83, 84, 4095
83, 85, 3448
85, 1280, 34
85, 1251, 34
85, 104, 4
85, 1261, 4
85, 86, 4095
85, 87, 4095
85, 88, 3448
88, 89, 4095
88, 90, 3448
88, 107, 4
88, 94, 3448
90, 290, 4
90, 91, 4095
90, 294, 34
90, 1641, 4
90, 3055, 4
90, 1656, 34
90, 3061, 4
90, 1622, 34
90, 1627, 4
90, 92, 4095
90, 93, 4095
90, 287, 4
94, 96, 4095
94, 97, 4095
94, 95, 4095
94, 238, 34
94, 285, 4
94, 3057, 4
94, 178, 34
94, 311, 4
94, 1625, 4
94, 1242, 4
94, 184, 4
94, 1660, 34
94, 1245, 34
94, 1247, 34
98, 99, 7961
98, 100, 3039
99, 1289, 6
100, 101, 3846
100, 102, 3039
101, 1636, 315
102, 104, 3448
102, 117, 3448
102, 103, 4095
104, 105, 4095
104, 106, 4095
104, 107, 3448
104, 1644, 34
104, 1622, 4
104, 184, 4
107, 108, 4095
107, 109, 3448
107, 113, 3448
109, 3010, 4
109, 2851, 4
109, 1606, 34
109, 1608, 34
109, 1641, 34
109, 2796, 4
109, 110, 4095
109, 111, 4095
109, 112, 4095
109, 2803, 34
109, 2741, 34
109, 2841, 4
109, 2778, 34
109, 2847, 34
113, 2784, 34
113, 1612, 4
113, 114, 4095
113, 115, 4095
113, 116, 4095
113, 1333, 4
117, 118, 7961
117, 119, 3039
118, 1653, 321
119, 120, 3846
119, 121, 3039
120, 2678, 6
121, 122, 4095
121, 123, 4095
121, 124, 3448
124, 125, 7961
124, 126, 3039
126, 128, 3039
126, 127, 3846
128, 129, 4095
128, 130, 3448
128, 134, 3448
130, 161, 34
130, 131, 4095
130, 132, 4095
130, 133, 4095
130, 1773, 34
130, 142, 34
130, 2675, 34
130, 1844, 4
130, 1694, 4
130, 2624, 34
130, 2686, 4
134, 136, 3039
134, 135, 7961
135, 158, 85
136, 137, 3039
136, 145, 3039
137, 138, 4095
137, 139, 3448
137, 148, 3448
139, 161, 4
139, 140, 4095
139, 141, 4095
139, 142, 3448
139, 1844, 4
142, 2624, 4
142, 145, 3448
142, 1769, 4
142, 2669, 4
142, 143, 4095
142, 144, 4095
142, 2673, 34
142, 2618, 4
142, 2591, 4
145, 146, 4095
145, 147, 4095
148, 149, 7961
148, 150, 3039
150, 152, 3039
150, 151, 3846
152, 153, 4095
152, 154, 4095
152, 155, 3448
155, 156, 7961
155, 157, 3039
157, 158, 3846
157, 159, 3039
159, 160, 4095
159, 161, 3448
159, 165, 3448
161, 163, 4095
161, 164, 4095
161, 1766, 34
161, 162, 4095
161, 178, 34
161, 1811, 4
161, 1662, 34
161, 1754, 4
161, 1694, 34
165, 167, 3039
165, 166, 7961
166, 1824, 159
167, 168, 3846
167, 169, 3039
169, 170, 4095
169, 171, 4095
169, 172, 3448
172, 173, 7961
172, 174, 3039
173, 218, 189
174, 176, 3039
174, 175, 3846
176, 177, 4095
176, 178, 3448
176, 194, 3448
178, 294, 4
178, 238, 34
178, 179, 4095
178, 180, 4095
178, 221, 4
178, 1662, 34
178, 181, 3448
181, 184, 3448
181, 1659, 4
181, 182, 4095
181, 183, 4095
184, 1280, 4
184, 1656, 4
184, 185, 4095
184, 186, 4095
184, 187, 3448
187, 188, 4095
187, 189, 4095
187, 190, 3039
190, 192, 3846
190, 193, 3846
190, 191, 3846
192, 1285, 373
194, 195, 7961
194, 196, 3039
196, 197, 3846
196, 198, 3039
197, 209, 4
198, 200, 4095
198, 201, 3448
198, 199, 4095
201, 202, 7961
201, 203, 3039
202, 235, 7
203, 204, 3846
203, 205, 3039
205, 207, 3448
205, 206, 4095
205, 215, 3448
207, 208, 4095
207, 209, 3567
207, 211, 3448
209, 210, 4573
211, 224, 4
211, 212, 4095
211, 213, 4095
211, 214, 4095
211, 251, 4
215, 216, 7961
215, 217, 3039
217, 218, 3846
217, 219, 3039
219, 232, 3448
219, 220, 4095
219, 221, 3448
221, 224, 3448
221, 251, 4
221, 1668, 34
221, 3142, 4
221, 238, 4
221, 275, 4
221, 222, 4095
221, 223, 4095
224, 225, 4095
224, 226, 4095
224, 227, 3448
224, 3146, 4
224, 2126, 4
224, 271, 4
224, 2128, 34
227, 228, 7961
227, 229, 3039
229, 230, 3846
229, 231, 3846
232, 233, 7961
232, 234, 3039
234, 235, 3846
234, 236, 3039
236, 242, 3448
236, 238, 3448
236, 237, 4095
238, 1664, 34
238, 294, 34
238, 241, 4095
238, 239, 4095
238, 240, 4095
238, 3057, 4
238, 275, 34
238, 311, 4
238, 248, 4
238, 1247, 4
242, 244, 3039
242, 243, 7961
243, 282, 57
243, 301, 10
244, 245, 3846
244, 246, 3039
246, 248, 3448
246, 259, 3448
246, 247, 4095
248, 321, 4
248, 3142, 4
248, 265, 4
248, 249, 4095
248, 250, 4095
248, 251, 3448
248, 285, 4
251, 253, 4095
251, 310, 34
251, 311, 34
251, 271, 4
251, 252, 4095
251, 254, 3448
252, 254, 4394
253, 254, 4394
254, 256, 3039
254, 255, 7961
256, 257, 3846
256, 258, 3846
259, 260, 7961
259, 261, 3039
260, 301, 19
260, 318, 208
261, 262, 3846
261, 263, 3039
263, 264, 4095
263, 265, 3448
263, 279, 3448
265, 321, 34
265, 266, 4095
265, 267, 4095
265, 268, 3448
265, 304, 4
265, 336, 4
265, 3156, 4
268, 324, 4
268, 269, 4723
268, 271, 4723
269, 3200, 34
269, 270, 4095
269, 285, 34
269, 368, 4
269, 273, 4723
269, 339, 4
269, 342, 4
269, 3197, 34
271, 3140, 34
271, 3142, 34
271, 3146, 4
271, 272, 4095
271, 275, 4723
273, 3246, 34
273, 3181, 4
273, 3248, 34
273, 274, 4095
273, 3252, 4
273, 277, 4723
273, 3231, 4
273, 287, 34
275, 1664, 34
275, 1666, 4
275, 1668, 4
275, 276, 4095
275, 277, 4723
277, 290, 4
277, 294, 34
277, 3057, 34
277, 3243, 4
277, 3181, 34
277, 3055, 4
277, 3187, 4
277, 278, 4095
277, 3183, 34
277, 1660, 4
277, 3071, 4
279, 280, 7961
279, 281, 3039
280, 333, 73
281, 282, 3846
281, 283, 3039
283, 298, 3448
283, 284, 4095
283, 285, 3448
285, 321, 4
285, 290, 3448
285, 336, 4
285, 307, 34
285, 286, 4095
285, 287, 3448
287, 288, 4095
287, 289, 4095
287, 294, 3448
287, 3197, 4
287, 3248, 34
287, 3252, 34
287, 3183, 4
290, 388, 4
290, 395, 34
290, 291, 4095
290, 292, 4095
290, 293, 4095
290, 3246, 4
290, 304, 4
290, 339, 4
290, 342, 4
290, 1625, 4
290, 1627, 34
290, 1245, 4
290, 1247, 34
290, 1251, 34
290, 361, 4
290, 364, 4
290, 368, 34
290, 3323, 4
290, 3327, 4
294, 295, 4095
294, 296, 4095
294, 297, 4095
294, 3181, 4
294, 3055, 4
294, 3057, 34
294, 1622, 4
294, 311, 4
294, 3061, 34
294, 1660, 34
294, 1242, 4
298, 299, 7961
298, 300, 3039
299, 355, 8
300, 301, 3846
300, 302, 3039
302, 304, 3448
302, 315, 3448
302, 303, 4095
304, 321, 34
304, 388, 34
304, 358, 4
304, 336, 4
304, 305, 4095
304, 306, 4095
304, 307, 3448
307, 395, 4
307, 364, 4
307, 1245, 4
307, 308, 4095
307, 309, 4095
307, 310, 2710
307, 1247, 34
310, 386, 4
310, 419, 34
310, 1251, 4
310, 404, 4
310, 311, 2710
311, 422, 34
311, 312, 4095
311, 313, 4095
311, 314, 4095
311, 1242, 4
315, 316, 7961
315, 317, 3039
316, 355, 25
316, 376, 152
316, 383, 2
317, 318, 3846
317, 319, 3039
319, 320, 4095
319, 321, 3448
319, 330, 3448
321, 322, 4095
321, 323, 4095
321, 324, 3448
321, 336, 34
324, 325, 4095
324, 326, 4095
324, 327, 3448
327, 328, 5764
327, 329, 5764
328, 3207, 373
328, 3213, 373
329, 3207, 373
329, 3213, 373
330, 331, 7961
330, 332, 3039
332, 333, 3846
332, 334, 3039
334, 336, 3448
334, 352, 3448
334, 335, 4095
336, 395, 4
336, 364, 34
336, 337, 4095
336, 338, 4095
336, 339, 3448
339, 366, 34
339, 340, 4095
339, 341, 4095
339, 342, 3448
342, 3200, 34
342, 3265, 4
342, 3243, 34
342, 3246, 4
342, 3248, 34
342, 368, 34
342, 3221, 4
342, 3318, 4
342, 343, 4095
342, 344, 4095
342, 345, 3448
342, 3323, 4
342, 3262, 4
345, 346, 4095
345, 347, 4095
345, 348, 3039
348, 349, 3846
348, 350, 3846
348, 351, 3846
349, 3269, 373
349, 3270, 373
350, 371, 2
350, 3339, 16
352, 353, 7961
352, 354, 3039
354, 355, 3846
354, 356, 3039
356, 357, 4095
356, 358, 3448
356, 373, 3448
358, 359, 4095
358, 360, 4095
358, 361, 3448
358, 391, 34
358, 1201, 4
361, 364, 4723
361, 362, 4723
362, 363, 4095
362, 366, 4723
364, 368, 4723
364, 388, 34
364, 395, 34
364, 365, 4095
364, 1247, 4
366, 367, 4095
366, 370, 4723
366, 3262, 4
368, 3200, 4
368, 3243, 4
368, 3246, 4
368, 3248, 34
368, 369, 4095
368, 370, 4723
368, 3252, 4
368, 3318, 34
368, 3321, 4
368, 3323, 34
368, 3327, 4
370, 371, 3567
371, 372, 4573
373, 374, 7961
373, 375, 3039
375, 376, 3846
375, 377, 3039
377, 378, 4095
377, 379, 4095
377, 380, 3448
380, 381, 7961
380, 382, 3039
382, 384, 3039
382, 383, 3846
384, 385, 4095
384, 386, 3448
384, 399, 3448
386, 387, 4095
386, 388, 3448
386, 1222, 4
386, 391, 3448
386, 1169, 4
386, 407, 34
388, 419, 4
388, 389, 4095
388, 390, 4095
388, 395, 3448
388, 404, 4
391, 392, 4095
391, 393, 4095
391, 394, 4095
391, 1201, 34
391, 1225, 4
395, 1226, 4
395, 397, 4095
395, 398, 4095
395, 396, 4095
395, 1247, 34
395, 1245, 34
395, 3327, 4
399, 400, 7961
399, 401, 3039
401, 402, 3039
401, 410, 3039
402, 403, 4095
402, 404, 3448
402, 413, 3448
404, 419, 4
404, 405, 4095
404, 406, 4095
404, 407, 3448
404, 1242, 4
407, 1222, 34
407, 1169, 34
407, 1154, 34
407, 1166, 34
407, 1201, 4
407, 438, 34
407, 408, 4095
407, 409, 4095
407, 410, 3448
407, 445, 4
410, 411, 4095
410, 412, 4095
413, 414, 7961
413, 415, 3039
414, 1239, 248
415, 416, 3846
415, 417, 3039
417, 418, 4095
417, 419, 3448
417, 430, 3448
419, 420, 4095
419, 421, 4095
419, 1222, 4
419, 422, 3448
419, 436, 4
419, 1242, 34
422, 1280, 34
422, 423, 4095
422, 424, 4095
422, 425, 3448
422, 1261, 4
422, 438, 4
422, 1245, 34
425, 426, 7961
425, 427, 3039
427, 428, 3846
427, 429, 3846
430, 432, 3039
430, 431, 7961
432, 433, 3846
432, 434, 3039
433, 1256, 285
434, 449, 3448
434, 435, 4095
434, 436, 3448
436, 437, 4095
436, 438, 3448
436, 441, 3448
436, 1242, 4
438, 445, 3448
438, 439, 4095
438, 440, 4095
438, 1245, 4
441, 470, 34
441, 487, 4
441, 1264, 34
441, 1266, 34
441, 499, 4
441, 502, 34
441, 505, 34
441, 442, 4095
441, 443, 4095
441, 444, 4095
441, 1022, 34
445, 448, 4095
445, 1093, 4
445, 1222, 34
445, 1098, 34
445, 1069, 34
445, 1166, 34
445, 1261, 4
445, 1072, 34
445, 1169, 34
445, 506, 4
445, 1226, 4
445, 446, 4095
445, 447, 4095
449, 451, 3039
449, 450, 7961
450, 1277, 245
451, 452, 3846
451, 453, 3039
453, 460, 3448
453, 454, 4095
453, 455, 3448
455, 456, 4095
455, 457, 4095
455, 458, 3567
458, 459, 4573
460, 462, 3039
460, 461, 7961
461, 496, 241
462, 464, 3039
462, 463, 3846
463, 1287, 122
464, 465, 4095
464, 466, 3448
464, 474, 3448
466, 467, 4095
466, 468, 3567
466, 470, 3448
468, 469, 4573
470, 473, 4095
470, 997, 4
470, 1299, 34
470, 1266, 34
470, 1459, 4
470, 471, 4095
470, 472, 4095
470, 506, 34
470, 954, 34
470, 1022, 34
474, 475, 7961
474, 476, 3039
475, 513, 1
476, 477, 3846
476, 478, 3039
478, 480, 4095
478, 481, 3448
478, 479, 4095
481, 482, 7961
481, 483, 3039
482, 532, 38
482, 513, 55
483, 484, 3846
483, 485, 3039
485, 493, 3448
485, 486, 4095
485, 487, 3448
487, 488, 4095
487, 489, 4095
487, 490, 3448
487, 559, 4
487, 499, 34
490, 491, 5764
490, 492, 5764
493, 494, 7961
493, 495, 3039
494, 532, 15
494, 556, 166
495, 496, 3846
495, 497, 3039
497, 498, 4095
497, 499, 3448
497, 510, 3448
499, 516, 34
499, 559, 4
499, 500, 4095
499, 501, 4095
499, 502, 3448
502, 505, 2710
502, 569, 4
502, 1072, 34
502, 503, 4095
502, 504, 4095
505, 1069, 34
505, 1016, 4
505, 506, 2710
505, 1022, 34
506, 519, 4
506, 1000, 4
506, 1002, 34
506, 954, 34
506, 525, 34
506, 509, 4095
506, 952, 4
506, 1299, 4
506, 726, 4
506, 1016, 34
506, 1018, 4
506, 507, 4095
506, 508, 4095
506, 997, 34
510, 512, 3039
510, 511, 7961
511, 566, 69
512, 513, 3846
512, 514, 3039
514, 529, 3448
514, 515, 4095
514, 516, 3448
516, 736, 4
516, 517, 4095
516, 518, 4095
516, 519, 3448
516, 585, 4
516, 538, 34
519, 739, 4
519, 520, 4095
519, 521, 3448
519, 525, 3448
519, 535, 4
521, 770, 4
521, 522, 4095
521, 523, 4095
521, 524, 4095
521, 878, 34
521, 882, 34
521, 792, 34
521, 795, 34
521, 796, 34
521, 958, 4
525, 997, 4
525, 1000, 34
525, 1002, 34
525, 876, 4
525, 526, 4095
525, 527, 4095
525, 528, 4095
525, 789, 4
525, 726, 34
525, 952, 4
529, 531, 3039
529, 530, 7961
530, 576, 28
531, 532, 3846
531, 533, 3039
533, 553, 3448
533, 534, 4095
533, 535, 3448
535, 537, 4095
535, 585, 4
535, 559, 34
535, 569, 4
535, 536, 4095
535, 601, 4
535, 538, 3448
538, 539, 4095
538, 579, 4
538, 742, 4
538, 540, 4095
538, 739, 4
538, 795, 4
538, 796, 34
538, 541, 3448
541, 544, 3039
541, 542, 4095
541, 543, 4095
544, 545, 3846
544, 546, 3039
546, 547, 4583
546, 550, 4583
547, 548, 3846
547, 549, 3846
550, 552, 3846
550, 551, 3846
553, 554, 7961
553, 555, 3039
554, 576, 11
554, 592, 31
555, 556, 3846
555, 557, 3039
557, 563, 3448
557, 558, 4095
557, 559, 3448
559, 560, 4095
559, 579, 4
559, 1072, 4
559, 561, 4095
559, 562, 4095
559, 569, 34
559, 595, 4
563, 564, 7961
563, 565, 3039
564, 592, 8
564, 614, 107
565, 566, 3846
565, 567, 3039
567, 568, 4095
567, 569, 3448
567, 573, 3448
569, 1057, 4
569, 585, 34
569, 1069, 4
569, 1006, 34
569, 595, 4
569, 661, 4
569, 570, 4095
569, 571, 4095
569, 572, 4095
573, 575, 3039
573, 574, 7961
574, 632, 232
574, 625, 75
575, 576, 3846
575, 577, 3039
577, 578, 4095
577, 579, 3448
577, 589, 3448
579, 580, 4095
579, 581, 3448
579, 585, 3448
579, 595, 34
581, 582, 4095
581, 583, 4095
581, 584, 4095
581, 690, 34
581, 598, 4
585, 736, 34
585, 586, 4095
585, 587, 4095
585, 588, 4095
585, 687, 34
585, 726, 4
589, 590, 7961
589, 591, 3039
591, 592, 3846
591, 593, 3039
593, 595, 3448
593, 594, 4095
593, 611, 3448
595, 596, 4095
595, 597, 4095
595, 598, 3448
598, 600, 4095
598, 601, 3448
598, 599, 4095
601, 602, 4095
601, 603, 4095
601, 604, 3448
604, 605, 4095
604, 606, 4095
604, 607, 3039
607, 608, 3846
607, 609, 3846
607, 610, 3846
611, 612, 7961
611, 613, 3039
613, 614, 3846
613, 615, 3039
615, 616, 4095
615, 617, 3448
615, 622, 3448
617, 618, 4095
617, 619, 4095
617, 620, 3567
620, 621, 4573
622, 624, 3039
622, 623, 7961
624, 625, 3846
624, 626, 3039
626, 627, 4095
626, 628, 4095
626, 629, 3448
629, 630, 7961
629, 631, 3039
631, 632, 3846
631, 633, 3039
633, 640, 3448
633, 634, 4095
633, 635, 3448
635, 636, 4095
635, 637, 4095
635, 638, 3567
638, 658, 1
638, 677, 6
638, 639, 4573
640, 642, 3039
640, 641, 7961
641, 684, 93
641, 677, 38
642, 643, 3846
642, 644, 3039
644, 645, 4095
644, 646, 3448
644, 655, 3448
646, 648, 4095
646, 649, 3448
646, 661, 34
646, 647, 4095
649, 650, 4095
649, 651, 4095
649, 652, 3448
649, 687, 4
649, 693, 34
652, 653, 5764
652, 654, 5764
653, 701, 373
654, 701, 373
655, 656, 7961
655, 657, 3039
656, 706, 97
657, 658, 3846
657, 659, 3039
659, 674, 3448
659, 660, 4095
659, 661, 3448
661, 709, 4
661, 662, 4095
661, 1006, 34
661, 726, 4
661, 663, 4095
661, 664, 3448
664, 1000, 34
664, 665, 4095
664, 666, 3448
664, 670, 3448
666, 667, 4095
666, 1002, 4
666, 987, 34
666, 668, 4095
666, 669, 4095
666, 1054, 4
670, 672, 4095
670, 673, 4095
670, 997, 4
670, 712, 4
670, 938, 34
670, 942, 34
670, 671, 4095
674, 676, 3039
674, 675, 7961
675, 723, 46
676, 677, 3846
676, 678, 3039
678, 680, 4095
678, 681, 3448
678, 679, 4095
681, 682, 7961
681, 683, 3039
682, 733, 176
683, 684, 3846
683, 685, 3039
685, 687, 3448
685, 686, 4095
685, 703, 3448
687, 736, 4
687, 709, 34
687, 688, 4095
687, 689, 4095
687, 690, 3448
687, 758, 4
690, 742, 4
690, 712, 4
690, 691, 4095
690, 692, 4095
690, 693, 3448
693, 696, 3448
693, 694, 4095
693, 695, 4095
696, 697, 4095
696, 698, 4095
696, 699, 3039
699, 700, 3846
699, 701, 3846
699, 702, 3846
703, 704, 7961
703, 705, 3039
704, 755, 64
705, 706, 3846
705, 707, 3039
707, 720, 3448
707, 708, 4095
707, 709, 3448
709, 878, 4
709, 710, 4095
709, 711, 4095
709, 712, 3448
709, 1002, 4
709, 779, 4
709, 942, 34
709, 726, 34
709, 758, 4
712, 772, 4
712, 713, 4095
712, 714, 4095
712, 715, 3448
712, 938, 34
715, 716, 7961
715, 717, 3039
717, 718, 3846
717, 719, 3846
720, 721, 7961
720, 722, 3039
721, 767, 54
722, 723, 3846
722, 724, 3039
724, 730, 3448
724, 726, 3448
724, 725, 4095
726, 736, 34
726, 878, 34
726, 1002, 34
726, 779, 4
726, 942, 34
726, 727, 4095
726, 728, 4095
726, 729, 4095
726, 958, 4
726, 789, 4
730, 732, 3039
730, 731, 7961
731, 786, 151
731, 767, 7
732, 733, 3846
732, 734, 3039
734, 736, 3448
734, 752, 3448
734, 735, 4095
736, 737, 4095
736, 738, 4095
736, 739, 3448
736, 758, 34
736, 770, 4
736, 882, 4
736, 789, 34
739, 740, 4095
739, 741, 4095
739, 742, 3448
739, 806, 34
739, 795, 4
742, 743, 4095
742, 744, 4095
742, 745, 3448
745, 746, 4095
745, 747, 4095
745, 748, 3039
748, 749, 3846
748, 750, 3846
748, 751, 3846
752, 753, 7961
752, 754, 3039
753, 803, 179
754, 755, 3846
754, 756, 3039
756, 764, 3448
756, 757, 4095
756, 758, 3448
758, 772, 34
758, 806, 4
758, 789, 4
758, 759, 4095
758, 760, 4095
758, 761, 3448
761, 762, 5764
761, 763, 5764
764, 765, 7961
764, 766, 3039
765, 815, 56
766, 768, 3039
766, 767, 3846
768, 769, 4095
768, 770, 3448
768, 783, 3448
770, 771, 4095
770, 772, 3448
770, 806, 4
770, 775, 3448
770, 818, 4
770, 789, 34
772, 773, 4095
772, 774, 4095
772, 779, 3448
775, 835, 34
775, 838, 34
775, 776, 4095
775, 777, 4095
775, 778, 4095
775, 876, 34
775, 882, 34
775, 841, 4
775, 792, 4
775, 857, 4
779, 896, 4
779, 936, 4
779, 938, 4
779, 780, 4095
779, 781, 4095
779, 942, 4
779, 782, 4095
779, 878, 34
779, 933, 4
783, 784, 7961
783, 785, 3039
784, 832, 145
784, 825, 26
784, 815, 11
785, 786, 3846
785, 787, 3039
787, 800, 3448
787, 788, 4095
787, 789, 3448
789, 835, 4
789, 806, 34
789, 790, 4095
789, 791, 4095
789, 792, 3448
789, 818, 4
789, 882, 34
792, 876, 4
792, 793, 4095
792, 794, 4095
792, 795, 2710
795, 796, 2710
796, 797, 4095
796, 798, 4095
796, 799, 4095
800, 801, 7961
800, 802, 3039
801, 825, 32
802, 803, 3846
802, 804, 3039
804, 812, 3448
804, 805, 4095
804, 806, 3448
806, 807, 4095
806, 808, 4095
806, 809, 3448
806, 818, 34
809, 810, 5764
809, 811, 5764
812, 813, 7961
812, 814, 3039
814, 816, 3039
814, 815, 3846
816, 817, 4095
816, 818, 3448
816, 822, 3448
818, 838, 34
818, 819, 4095
818, 820, 4095
818, 821, 4095
822, 824, 3039
822, 823, 7961
824, 825, 3846
824, 826, 3039
826, 827, 4095
826, 828, 4095
826, 829, 3448
829, 830, 7961
829, 831, 3039
831, 832, 3846
831, 833, 3039
833, 835, 3448
833, 834, 4095
833, 851, 3448
835, 836, 4095
835, 837, 4095
835, 838, 3448
835, 882, 4
835, 857, 34
838, 839, 4095
838, 840, 4095
838, 841, 3448
841, 842, 4095
841, 843, 4095
841, 844, 3448
844, 845, 4095
844, 846, 4095
844, 847, 3039
847, 848, 3846
847, 849, 3846
847, 850, 3846
851, 852, 7961
851, 853, 3039
853, 854, 3846
853, 855, 3039
855, 856, 4095
855, 857, 3448
855, 870, 3448
857, 896, 4
857, 876, 4
857, 858, 4095
857, 859, 4095
857, 860, 3448
860, 866, 3448
860, 882, 4
860, 862, 3448
860, 861, 4095
862, 864, 4095
862, 865, 4095
862, 863, 4095
866, 868, 4095
866, 867, 4095
866, 869, 4095
870, 872, 3039
870, 871, 7961
872, 873, 3846
872, 874, 3039
874, 875, 4095
874, 876, 3448
874, 886, 3448
876, 877, 4095
876, 878, 3448
876, 882, 3448
878, 896, 4
878, 1002, 4
878, 879, 4095
878, 880, 4095
878, 881, 4095
878, 952, 34
878, 958, 34
878, 933, 34
882, 936, 4
882, 883, 4095
882, 884, 4095
882, 885, 4095
886, 888, 3039
886, 887, 7961
888, 889, 3846
888, 890, 3039
890, 892, 3448
890, 891, 4095
890, 900, 3448
892, 896, 3448
892, 893, 4095
892, 894, 3567
894, 930, 6
894, 895, 4573
896, 897, 4095
896, 898, 4095
896, 899, 4095
896, 933, 4
896, 918, 4
896, 958, 4
900, 901, 7961
900, 902, 3039
901, 930, 85
901, 949, 51
902, 904, 3039
902, 903, 3846
904, 912, 3448
904, 905, 4095
904, 906, 3448
906, 1443, 4
906, 907, 4095
906, 908, 4095
906, 909, 3448
906, 1389, 4
906, 977, 34
906, 918, 34
906, 952, 4
906, 1307, 34
906, 1407, 34
909, 910, 5764
909, 911, 5764
910, 1350, 373
910, 1413, 58
911, 1413, 45
912, 913, 7961
912, 914, 3039
913, 949, 4
913, 965, 212
914, 915, 3846
914, 916, 3039
916, 917, 4095
916, 918, 3448
916, 927, 3448
918, 933, 34
918, 977, 4
918, 919, 4095
918, 920, 4095
918, 921, 3448
918, 987, 4
921, 936, 4
921, 968, 4
921, 922, 4095
921, 923, 4095
921, 924, 3448
924, 925, 5764
924, 926, 5764
927, 928, 7961
927, 929, 3039
928, 984, 70
929, 930, 3846
929, 931, 3039
931, 946, 3448
931, 932, 4095
931, 933, 3448
933, 934, 4095
933, 935, 4095
933, 936, 3448
933, 1002, 34
933, 987, 4
933, 958, 34
936, 1000, 4
936, 937, 4095
936, 938, 3448
936, 942, 3448
936, 952, 4
938, 939, 4095
938, 940, 4095
938, 941, 4095
942, 943, 4095
942, 944, 4095
942, 945, 4095
942, 997, 4
946, 948, 3039
946, 947, 7961
947, 994, 101
948, 949, 3846
948, 950, 3039
950, 952, 3448
950, 962, 3448
950, 951, 4095
952, 997, 4
952, 954, 3448
952, 953, 4095
952, 987, 4
952, 970, 34
952, 958, 3448
954, 955, 4095
954, 968, 4
954, 1266, 4
954, 1459, 4
954, 1303, 34
954, 1307, 34
954, 956, 4095
954, 957, 4095
954, 1022, 34
954, 1407, 4
958, 960, 4095
958, 961, 4095
958, 1002, 4
958, 977, 4
958, 959, 4095
958, 1311, 34
962, 963, 7961
962, 964, 3039
963, 994, 8
963, 1013, 197
964, 965, 3846
964, 966, 3039
966, 968, 3448
966, 981, 3448
966, 967, 4095
968, 997, 4
968, 969, 4095
968, 970, 3448
968, 973, 3448
968, 1016, 4
968, 987, 4
970, 971, 4095
970, 972, 4095
970, 1453, 34
970, 1456, 34
970, 977, 3448
970, 1309, 34
970, 1311, 34
973, 1507, 34
973, 974, 4095
973, 975, 4095
973, 976, 4095
973, 1032, 4
973, 1492, 4
973, 1526, 4
973, 1524, 4
973, 1018, 4
973, 1533, 34
977, 1443, 34
977, 1318, 4
977, 978, 4095
977, 1459, 4
977, 980, 4095
977, 979, 4095
977, 1305, 4
977, 1307, 34
977, 1404, 4
981, 982, 7961
981, 983, 3039
982, 1029, 173
983, 984, 3846
983, 985, 3039
985, 986, 4095
985, 987, 3448
985, 991, 3448
987, 1016, 4
987, 1032, 4
987, 1000, 34
987, 988, 4095
987, 989, 4095
987, 990, 4095
991, 992, 7961
991, 993, 3039
992, 1051, 38
993, 994, 3846
993, 995, 3039
995, 1010, 3448
995, 996, 4095
995, 997, 3448
997, 998, 4095
997, 999, 4095
997, 1022, 4
997, 1069, 4
997, 1032, 4
997, 1000, 3448
1000, 1001, 4095
1000, 1002, 3448
1000, 1006, 3448
1002, 1003, 4095
1002, 1004, 4095
1002, 1005, 4095
1006, 1007, 4095
1006, 1008, 4095
1006, 1009, 4095
1006, 1054, 34
1010, 1012, 3039
1010, 1011, 7961
1011, 1066, 73
1012, 1013, 3846
1012, 1014, 3039
1014, 1016, 3448
1014, 1026, 3448
1014, 1015, 4095
1016, 1069, 4
1016, 1032, 34
1016, 1022, 3448
1016, 1017, 4095
1016, 1018, 3448
1016, 1054, 4
1018, 1072, 4
1018, 1095, 4
1018, 1098, 34
1018, 1035, 4
1018, 1230, 4
1018, 1021, 4095
1018, 1456, 4
1018, 1234, 4
1018, 1459, 34
1018, 1270, 34
1018, 1529, 34
1018, 1019, 4095
1018, 1020, 4095
1018, 1533, 34
1022, 1024, 4095
1022, 1025, 4095
1022, 1526, 4
1022, 1226, 4
1022, 1264, 34
1022, 1266, 34
1022, 1460, 4
1022, 1305, 34
1022, 1023, 4095
1026, 1027, 7961
1026, 1028, 3039
1027, 1066, 12
1027, 1090, 184
1028, 1029, 3846
1028, 1030, 3039
1030, 1032, 3448
1030, 1048, 3448
1030, 1031, 4095
1032, 1033, 4095
1032, 1034, 4095
1032, 1035, 3448
1032, 1533, 34
1032, 1054, 34
1035, 1095, 4
1035, 1036, 4095
1035, 1037, 4095
1035, 1038, 3448
1035, 1102, 34
1035, 1526, 34
1035, 1112, 4
1038, 1507, 34
1038, 1039, 4095
1038, 1040, 4095
1038, 1041, 3448
1038, 1524, 4
1041, 1042, 4095
1041, 1043, 4095
1041, 1044, 3039
1044, 1045, 3846
1044, 1046, 3846
1044, 1047, 3846
1046, 1512, 7
1048, 1049, 7961
1048, 1050, 3039
1049, 1109, 2
1050, 1051, 3846
1050, 1052, 3039
1052, 1053, 4095
1052, 1054, 3448
1052, 1063, 3448
1054, 1056, 4095
1054, 1057, 3448
1054, 1095, 4
1054, 1069, 34
1054, 1112, 4
1054, 1055, 4095
1057, 1058, 4095
1057, 1059, 4095
1057, 1060, 3448
1057, 1125, 4
1057, 1122, 4
1057, 1072, 4
1060, 1061, 5764
1060, 1062, 5764
1063, 1064, 7961
1063, 1065, 3039
1064, 1109, 23
1065, 1066, 3846
1065, 1067, 3039
1067, 1068, 4095
1067, 1069, 3448
1067, 1087, 3448
1069, 1098, 34
1069, 1070, 4095
1069, 1071, 4095
1069, 1072, 3448
1072, 1093, 4
1072, 1073, 4095
1072, 1166, 34
1072, 1169, 34
1072, 1074, 4095
1072, 1075, 3448
1075, 1076, 4095
1075, 1077, 4095
1075, 1078, 3039
1078, 1080, 3039
1078, 1079, 3846
1080, 1081, 4583
1080, 1084, 4583
1081, 1082, 3846
1081, 1083, 3846
1082, 1088, 8
1082, 1129, 22
1083, 1158, 373
1084, 1085, 3846
1084, 1086, 3846
1086, 1159, 373
1087, 1088, 7961
1087, 1089, 3039
1088, 1119, 35
1089, 1090, 3846
1089, 1091, 3039
1091, 1106, 3448
1091, 1092, 4095
1091, 1093, 3448
1093, 1122, 4
1093, 1094, 4095
1093, 1095, 3448
1093, 1098, 3448
1093, 1177, 4
1095, 1096, 4095
1095, 1097, 4095
1095, 1102, 3448
1095, 1112, 34
1098, 1225, 4
1098, 1099, 4095
1098, 1100, 4095
1098, 1166, 34
1098, 1101, 4095
1098, 1232, 34
1098, 1169, 34
1098, 1228, 34
1102, 1103, 4095
1102, 1104, 4095
1102, 1105, 4095
1102, 1234, 34
1102, 1524, 4
1102, 1526, 34
1102, 1529, 4
1102, 1533, 34
1106, 1107, 7961
1106, 1108, 3039
1108, 1109, 3846
1108, 1110, 3039
1110, 1112, 3448
1110, 1116, 3448
1110, 1111, 4095
1112, 1125, 34
1112, 1113, 4095
1112, 1114, 4095
1112, 1115, 4095
1112, 1180, 4
1116, 1118, 3039
1116, 1117, 7961
1118, 1120, 3039
1118, 1119, 3846
1120, 1121, 4095
1120, 1122, 3448
1120, 1133, 3448
1122, 1123, 4095
1122, 1124, 4095
1122, 1166, 34
1122, 1139, 4
1122, 1177, 4
1122, 1125, 3448
1125, 1126, 4095
1125, 1127, 4095
1125, 1128, 3448
1125, 1169, 4
1128, 1129, 7961
1128, 1130, 3039
1130, 1131, 3846
1130, 1132, 3846
1133, 1134, 7961
1133, 1135, 3039
1134, 1163, 121
1134, 1174, 3
1135, 1136, 3846
1135, 1137, 3039
1137, 1138, 4095
1137, 1139, 3448
1137, 1148, 3448
1139, 1154, 34
1139, 1140, 4095
1139, 1141, 4095
1139, 1142, 3448
1139, 1177, 34
1142, 1144, 4095
1142, 1145, 3448
1142, 1180, 4
1142, 1143, 4095
1145, 1146, 5764
1145, 1147, 5764
1146, 1190, 373
1147, 1190, 373
1148, 1149, 7961
1148, 1150, 3039
1149, 1174, 16
1149, 1198, 3
1150, 1152, 3039
1150, 1151, 3846
1151, 1158, 4
1152, 1160, 3448
1152, 1153, 4095
1152, 1154, 3448
1154, 1155, 4095
1154, 1156, 4095
1154, 1157, 3448
1154, 1166, 34
1154, 1177, 4
1157, 1158, 5764
1157, 1159, 5764
1160, 1161, 7961
1160, 1162, 3039
1161, 1198, 7
1162, 1163, 3846
1162, 1164, 3039
1164, 1171, 3448
1164, 1165, 4095
1164, 1166, 3448
1166, 1168, 4095
1166, 1169, 2710
1166, 1167, 4095
1166, 1201, 4
1166, 1177, 4
1169, 1222, 34
1169, 1170, 3617
1171, 1172, 7961
1171, 1173, 3039
1172, 1212, 21
1173, 1174, 3846
1173, 1175, 3039
1175, 1176, 4095
1175, 1177, 3448
1175, 1195, 3448
1177, 1201, 4
1177, 1178, 4095
1177, 1179, 4095
1177, 1180, 3448
1180, 1181, 4095
1180, 1182, 4095
1180, 1183, 3448
1183, 1184, 4095
1183, 1185, 4095
1183, 1186, 3039
1186, 1187, 3846
1186, 1188, 3039
1188, 1192, 4583
1188, 1189, 4583
1189, 1190, 3846
1189, 1191, 3846
1192, 1193, 3846
1192, 1194, 3846
1195, 1196, 7961
1195, 1197, 3039
1197, 1198, 3846
1197, 1199, 3039
1199, 1200, 4095
1199, 1201, 3448
1199, 1209, 3448
1201, 1202, 4095
1201, 1203, 4095
1201, 1204, 3448
1204, 1205, 7961
1204, 1206, 3039
1206, 1208, 3846
1206, 1207, 3846
1209, 1210, 7961
1209, 1211, 3039
1211, 1212, 3846
1211, 1213, 3039
1213, 1216, 3448
1213, 1214, 4095
1213, 1215, 4095
1216, 1217, 7961
1216, 1218, 3039
1218, 1219, 3846
1218, 1220, 3039
1220, 1236, 3448
1220, 1221, 4095
1220, 1222, 3448
1222, 1223, 4095
1222, 1224, 4095
1222, 1225, 3448
1222, 1242, 4
1225, 1228, 4723
1225, 1226, 4723
1226, 1227, 4095
1226, 1261, 34
1226, 1230, 4723
1226, 1245, 4
1228, 1232, 4723
1228, 1229, 4095
1230, 1231, 4095
1230, 1264, 34
1230, 1234, 4723
1230, 1460, 4
1230, 1557, 4
1230, 1559, 34
1232, 1234, 4723
1232, 1233, 4095
1234, 1235, 4095
1234, 1266, 4
1234, 1459, 4
1234, 1524, 4
1234, 1529, 34
1234, 1563, 4
1236, 1237, 7961
1236, 1238, 3039
1238, 1240, 3039
1238, 1239, 3846
1240, 1241, 4095
1240, 1242, 3448
1240, 1255, 3448
1242, 1261, 4
1242, 1243, 4095
1242, 1244, 4095
1242, 1245, 3448
1245, 1251, 3448
1245, 1246, 4095
1245, 1247, 3448
1247, 1248, 4095
1247, 1249, 4095
1247, 1250, 4095
1251, 1252, 4095
1251, 1253, 4095
1251, 1254, 4095
1251, 1625, 4
1251, 1627, 4
1255, 1256, 7961
1255, 1257, 3039
1257, 1258, 3846
1257, 1259, 3039
1259, 1274, 3448
1259, 1260, 4095
1259, 1261, 3448
1261, 1280, 4
1261, 1262, 4095
1261, 1264, 3448
1261, 1263, 4095
1264, 1265, 4095
1264, 1266, 3448
1264, 1270, 3448
1266, 1267, 4095
1266, 1268, 4095
1266, 1269, 4095
1270, 1456, 4
1270, 1318, 4
1270, 1299, 4
1270, 1321, 4
1270, 1459, 34
1270, 1524, 4
1270, 1557, 4
1270, 1559, 4
1270, 1272, 4095
1270, 1529, 4
1270, 1273, 4095
1270, 1305, 34
1270, 1460, 4
1270, 1271, 4095
1274, 1276, 3039
1274, 1275, 7961
1276, 1277, 3846
1276, 1278, 3039
1278, 1280, 3448
1278, 1286, 3448
1278, 1279, 4095
1280, 1281, 4095
1280, 1282, 4095
1280, 1283, 3448
1283, 1284, 5764
1283, 1285, 5764
1286, 1288, 3039
1286, 1287, 7961
1288, 1289, 3846
1288, 1290, 3039
1290, 1291, 4095
1290, 1292, 4095
1290, 1293, 3448
1293, 1294, 7961
1293, 1295, 3039
1294, 1346, 14
1295, 1296, 3846
1295, 1297, 3039
1297, 1313, 3448
1297, 1298, 4095
1297, 1299, 3448
1299, 1300, 4095
1299, 1301, 4095
1299, 1302, 3448
1302, 1305, 4723
1302, 1303, 4723
1303, 1304, 4095
1303, 1333, 4
1303, 1336, 34
1303, 1307, 4723
1305, 1318, 34
1305, 1421, 4
1305, 1459, 34
1305, 1460, 4
1305, 1306, 4095
1305, 1309, 4723
1307, 1311, 4723
1307, 1308, 4095
1307, 1407, 34
1309, 1453, 34
1309, 1456, 34
1309, 1310, 4095
1309, 1311, 4723
1311, 1312, 4095
1311, 1443, 4
1311, 1404, 34
1313, 1314, 7961
1313, 1315, 3039
1315, 1316, 3039
1315, 1324, 3039
1316, 1317, 4095
1316, 1318, 3448
1316, 1327, 3448
1318, 1319, 4095
1318, 1320, 4095
1318, 1321, 3448
1318, 1333, 4
1318, 1371, 4
1318, 1404, 34
1321, 2784, 34
1321, 1323, 4095
1321, 2828, 4
1321, 1322, 4095
1321, 1612, 4
1321, 1421, 34
1321, 1459, 4
1321, 1460, 34
1321, 1324, 3448
1321, 1336, 4
1321, 2851, 34
1321, 2780, 34
1321, 1407, 4
1324, 1325, 4095
1324, 1326, 4095
1327, 1328, 7961
1327, 1329, 3039
1329, 1330, 3846
1329, 1331, 3039
1330, 1411, 163
1331, 1332, 4095
1331, 1333, 3448
1331, 1351, 3448
1333, 2784, 4
1333, 1335, 4095
1333, 1361, 34
1333, 2727, 34
1333, 1334, 4095
1333, 1336, 3448
1333, 1407, 4
1336, 2726, 34
1336, 2669, 4
1336, 2673, 4
1336, 1337, 4095
1336, 1338, 4095
1336, 1339, 3448
1336, 1404, 4
1339, 1340, 4095
1339, 1341, 4095
1339, 1342, 3039
1342, 1344, 3039
1342, 1343, 3846
1344, 1345, 4583
1344, 1348, 4583
1345, 1346, 3846
1345, 1347, 3846
1348, 1349, 3846
1348, 1350, 3846
1351, 1352, 7961
1351, 1353, 3039
1353, 1354, 3846
1353, 1355, 3039
1354, 1411, 89
1355, 1356, 4095
1355, 1357, 3448
1355, 1365, 3448
1357, 1361, 3448
1357, 1358, 4095
1357, 1359, 3567
1359, 1360, 4573
1359, 1401, 11
1361, 2723, 34
1361, 1392, 4
1361, 1362, 4095
1361, 1363, 4095
1361, 1364, 4095
1361, 1371, 4
1361, 2780, 4
1361, 1407, 4
1365, 1366, 7961
1365, 1367, 3039
1366, 1401, 42
1366, 1418, 92
1367, 1368, 3846
1367, 1369, 3039
1369, 1384, 3448
1369, 1370, 4095
1369, 1371, 3448
1371, 1376, 3448
1371, 1372, 4095
1371, 1421, 4
1371, 1392, 34
1371, 1404, 4
1371, 1373, 3448
1373, 2820, 34
1373, 1380, 3448
1373, 2780, 34
1373, 1374, 4095
1373, 1375, 4095
1376, 1377, 4095
1376, 1378, 4095
1376, 1379, 4095
1376, 2826, 34
1376, 1431, 34
1380, 1381, 4095
1380, 1382, 4095
1380, 1383, 4095
1380, 2760, 34
1380, 2823, 34
1384, 1386, 3039
1384, 1385, 7961
1385, 1418, 5
1385, 1428, 274
1386, 1387, 3039
1386, 1395, 3039
1387, 1388, 4095
1387, 1389, 3448
1387, 1398, 3448
1389, 1443, 4
1389, 1421, 4
1389, 1390, 4095
1389, 1391, 4095
1389, 1392, 3448
1389, 1431, 4
1389, 1407, 34
1392, 1393, 4095
1392, 1394, 4095
1392, 1395, 3448
1392, 1404, 4
1395, 1396, 4095
1395, 1397, 4095
1398, 1400, 3039
1398, 1399, 7961
1399, 1440, 62
1400, 1401, 3846
1400, 1402, 3039
1402, 1403, 4095
1402, 1404, 3448
1402, 1415, 3448
1404, 1443, 4
1404, 1421, 34
1404, 1453, 4
1404, 1407, 3448
1404, 1431, 4
1404, 2780, 4
1404, 1405, 4095
1404, 1406, 4095
1407, 1408, 4095
1407, 1409, 4095
1407, 1410, 3448
1410, 1411, 7961
1410, 1412, 3039
1412, 1413, 3846
1412, 1414, 3846
1415, 1416, 7961
1415, 1417, 3039
1416, 1450, 97
1417, 1418, 3846
1417, 1419, 3039
1419, 1420, 4095
1419, 1421, 3448
1419, 1425, 3448
1421, 2780, 34
1421, 2828, 34
1421, 1422, 4095
1421, 1423, 4095
1421, 1424, 4095
1421, 1443, 4
1421, 2851, 34
1421, 1431, 34
1421, 1470, 4
1421, 1453, 4
1425, 1426, 7961
1425, 1427, 3039
1426, 1467, 119
1427, 1428, 3846
1427, 1429, 3039
1429, 1437, 3448
1429, 1430, 4095
1429, 1431, 3448
1431, 1443, 34
1431, 2830, 34
1431, 1492, 4
1431, 1432, 4095
1431, 1433, 4095
1431, 1434, 3448
1431, 1470, 4
1431, 1453, 4
1434, 1435, 5764
1434, 1436, 5764
1437, 1438, 7961
1437, 1439, 3039
1438, 1489, 134
1439, 1440, 3846
1439, 1441, 3039
1441, 1442, 4095
1441, 1443, 3448
1441, 1447, 3448
1443, 1444, 4095
1443, 1445, 4095
1443, 1446, 4095
1443, 1492, 4
1443, 1453, 34
1443, 1470, 4
1447, 1448, 7961
1447, 1449, 3039
1448, 1504, 61
1449, 1450, 3846
1449, 1451, 3039
1451, 1464, 3448
1451, 1452, 4095
1451, 1453, 3448
1453, 1454, 4095
1453, 1455, 4095
1453, 1456, 3448
1453, 1507, 4
1453, 1470, 34
1456, 1473, 4
1456, 1457, 4095
1456, 1458, 4095
1456, 1459, 2710
1456, 1524, 34
1459, 1460, 2710
1460, 1563, 4
1460, 1462, 4095
1460, 1559, 34
1460, 1526, 4
1460, 1461, 4095
1460, 1529, 34
1460, 1463, 4095
1460, 1557, 4
1464, 1465, 7961
1464, 1466, 3039
1465, 1521, 128
1465, 1514, 16
1466, 1467, 3846
1466, 1468, 3039
1468, 1469, 4095
1468, 1486, 3448
1468, 1470, 3448
1470, 1472, 4095
1470, 1473, 3448
1470, 1507, 4
1470, 1492, 34
1470, 1524, 4
1470, 1471, 4095
1473, 1474, 4095
1473, 1475, 4095
1473, 1476, 3448
1473, 1495, 4
1476, 1477, 4095
1476, 1478, 4095
1476, 1479, 3448
1476, 2824, 4
1476, 2828, 4
1476, 2830, 4
1476, 2845, 4
1476, 2952, 4
1476, 2898, 4
1476, 2849, 4
1479, 1480, 4095
1479, 1481, 4095
1479, 1482, 3039
1482, 1483, 3846
1482, 1484, 3846
1482, 1485, 3846
1484, 2902, 373
1484, 2903, 373
1486, 1488, 3039
1486, 1487, 7961
1487, 1514, 41
1488, 1489, 3846
1488, 1490, 3039
1490, 1491, 4095
1490, 1492, 3448
1490, 1501, 3448
1492, 1507, 4
1492, 1493, 4095
1492, 1494, 4095
1492, 1495, 3448
1495, 1496, 4095
1495, 1498, 3448
1495, 1497, 4095
1498, 1499, 5764
1498, 1500, 5764
1501, 1502, 7961
1501, 1503, 3039
1503, 1504, 3846
1503, 1505, 3039
1505, 1506, 4095
1505, 1507, 3448
1505, 1511, 3448
1507, 1508, 4095
1507, 1509, 4095
1507, 1510, 4095
1507, 1533, 34
1511, 1512, 7961
1511, 1513, 3039
1513, 1514, 3846
1513, 1515, 3039
1515, 1516, 4095
1515, 1517, 4095
1515, 1518, 3448
1518, 1520, 3039
1518, 1519, 7961
1519, 1540, 3
1520, 1521, 3846
1520, 1522, 3039
1522, 1537, 3448
1522, 1523, 4095
1522, 1524, 3448
1524, 1526, 3448
1524, 1543, 4
1524, 1529, 3448
1524, 1525, 4095
1526, 1527, 4095
1526, 1528, 4095
1526, 1533, 3448
1529, 1559, 34
1529, 1557, 4
1529, 1531, 4095
1529, 1532, 4095
1529, 1530, 4095
1533, 1536, 4095
1533, 1534, 4095
1533, 1535, 4095
1537, 1539, 3039
1537, 1538, 7961
1539, 1540, 3846
1539, 1541, 3039
1540, 1547, 62
1541, 1543, 3448
1541, 1542, 4095
1541, 1551, 3448
1543, 1544, 4095
1543, 1545, 4095
1543, 1546, 3448
1543, 1557, 4
1543, 1573, 4
1546, 1547, 7961
1546, 1548, 3039
1548, 1549, 3846
1548, 1550, 3846
1551, 1552, 7961
1551, 1553, 3039
1553, 1554, 3846
1553, 1555, 3039
1555, 1556, 4095
1555, 1557, 3448
1555, 1567, 3448
1557, 1558, 4095
1557, 1585, 4
1557, 1559, 3448
1557, 1563, 3448
1557, 1573, 4
1559, 1561, 4095
1559, 1560, 4095
1559, 1562, 4095
1563, 2849, 34
1563, 1606, 4
1563, 1612, 34
1563, 1565, 4095
1563, 1564, 4095
1563, 2845, 4
1563, 1566, 4095
1567, 1568, 7961
1567, 1569, 3039
1569, 1570, 3846
1569, 1571, 3039
1571, 1579, 3448
1571, 1572, 4095
1571, 1573, 3448
1573, 2980, 4
1573, 1574, 4095
1573, 1576, 3448
1573, 1575, 4095
1573, 1585, 34
1576, 1577, 5764
1576, 1578, 5764
1579, 1580, 7961
1579, 1581, 3039
1580, 2977, 1
1581, 1582, 3846
1581, 1583, 3039
1583, 1584, 4095
1583, 1585, 3448
1583, 1600, 3448
1585, 1606, 4
1585, 1586, 4095
1585, 1587, 4095
1585, 1588, 3448
1588, 1589, 4723
1588, 1591, 4723
1589, 1590, 4095
1589, 1593, 4723
1589, 3321, 34
1589, 3327, 34
1591, 1595, 4723
1591, 1612, 4
1591, 3061, 4
1591, 1622, 4
1591, 1592, 4095
1591, 1625, 34
1591, 3002, 4
1591, 1627, 4
1591, 1631, 34
1593, 3299, 34
1593, 2983, 34
1593, 2986, 34
1593, 1594, 4095
1593, 3323, 34
1593, 1597, 4723
1595, 2980, 34
1595, 3304, 34
1595, 3308, 34
1595, 3023, 34
1595, 3318, 4
1595, 1596, 4095
1595, 1597, 4723
1597, 1598, 3567
1598, 1599, 4573
1600, 1601, 7961
1600, 1602, 3039
1602, 1603, 3846
1602, 1604, 3039
1603, 2997, 271
1604, 1616, 3448
1604, 1605, 4095
1604, 1606, 3448
1606, 1607, 4095
1606, 1608, 3448
1606, 1612, 3448
1606, 2980, 4
1608, 3010, 4
1608, 1609, 4095
1608, 1610, 4095
1608, 1611, 4095
1608, 2796, 4
1608, 2778, 4
1608, 3006, 34
1608, 2847, 34
1612, 1615, 4095
1612, 2824, 4
1612, 1613, 4095
1612, 1614, 4095
1612, 2895, 4
1612, 2845, 34
1612, 3002, 4
1612, 2844, 34
1612, 2970, 34
1616, 1617, 7961
1616, 1618, 3039
1617, 3020, 135
1618, 1619, 3846
1618, 1620, 3039
1620, 1635, 3448
1620, 1621, 4095
1620, 1622, 3448
1622, 1625, 3448
1622, 1641, 4
1622, 1623, 4095
1622, 1624, 4095
1622, 1656, 4
1622, 3006, 4
1625, 1626, 4095
1625, 1627, 3448
1625, 1631, 3448
1627, 3248, 4
1627, 3252, 34
1627, 1628, 4095
1627, 1629, 4095
1627, 1630, 4095
1627, 3327, 34
1631, 1632, 4095
1631, 1633, 4095
1631, 1634, 4095
1631, 3299, 4
1631, 3301, 4
1631, 3055, 4
1631, 3308, 34
1631, 3246, 4
1631, 3023, 34
1631, 3033, 4
1631, 3323, 34
1631, 3061, 34
1631, 3321, 34
1631, 3005, 4
1635, 1636, 7961
1635, 1637, 3039
1637, 1638, 3846
1637, 1639, 3039
1638, 3028, 237
1639, 1640, 4095
1639, 1641, 3448
1639, 1650, 3448
1641, 3010, 34
1641, 1642, 4095
1641, 1643, 4095
1641, 1644, 3448
1641, 3023, 4
1641, 3055, 4
1641, 3036, 34
1644, 1676, 34
1644, 1645, 4095
1644, 1646, 4095
1644, 1647, 3448
1644, 2803, 34
1644, 2741, 4
1644, 1656, 4
1644, 3033, 4
1644, 3006, 4
1647, 1648, 5764
1647, 1649, 5764
1648, 3048, 373
1650, 1651, 7961
1650, 1652, 3039
1651, 3052, 315
1652, 1653, 3846
1652, 1654, 3039
1654, 1656, 3448
1654, 1670, 3448
1654, 1655, 4095
1656, 1657, 4095
1656, 1659, 3448
1656, 1658, 4095
1659, 1660, 4723
1659, 1662, 4723
1660, 1664, 4723
1660, 3055, 4
1660, 3057, 34
1660, 1661, 4095
1662, 1666, 4723
1662, 1688, 4
1662, 1694, 34
1662, 1663, 4095
1664, 1665, 4095
1664, 1668, 4723
1664, 3183, 4
1664, 3187, 4
1664, 3061, 4
1666, 1690, 34
1666, 1668, 4723
1666, 1667, 4095
1668, 1669, 4095
1670, 1672, 3039
1670, 1671, 7961
1672, 1673, 3846
1672, 1674, 3039
1673, 3066, 274
1674, 1682, 3448
1674, 1675, 4095
1674, 1676, 3448
1676, 1677, 4095
1676, 1678, 4095
1676, 1679, 3448
1676, 3094, 4
1676, 1688, 4
1676, 3033, 34
1676, 3071, 4
1679, 1680, 5764
1679, 1681, 5764
1681, 3047, 373
1682, 1683, 7961
1682, 1684, 3039
1683, 3080, 123
1684, 1685, 3846
1684, 1686, 3039
1686, 1688, 3448
1686, 1698, 3448
1686, 1687, 4095
1688, 1706, 34
1688, 1694, 3448
1688, 1689, 4095
1688, 1690, 3448
1690, 1703, 4
1690, 1748, 34
1690, 3094, 34
1690, 1754, 34
1690, 1691, 4095
1690, 1692, 4095
1690, 1693, 4095
1694, 1696, 4095
1694, 1764, 4
1694, 1766, 34
1694, 1697, 4095
1694, 1773, 34
1694, 1745, 4
1694, 1695, 4095
1698, 1699, 7961
1698, 1700, 3039
1700, 1701, 3039
1700, 1709, 3039
1701, 1712, 3448
1701, 1702, 4095
1701, 1703, 3448
1703, 1730, 4
1703, 1704, 4095
1703, 1705, 4095
1703, 1706, 3448
1703, 1718, 4
1706, 1707, 4095
1706, 1708, 4095
1706, 1709, 3448
1706, 1745, 34
1706, 1748, 34
1706, 3094, 34
1709, 1710, 4095
1709, 1711, 4095
1712, 1713, 7961
1712, 1714, 3039
1713, 1761, 41
1713, 1742, 113
1714, 1715, 3846
1714, 1716, 3039
1716, 1724, 3448
1716, 1717, 4095
1716, 1718, 3448
1718, 1733, 34
1718, 1721, 3448
1718, 1773, 34
1718, 2640, 4
1718, 1745, 4
1718, 2548, 4
1718, 1719, 4095
1718, 1720, 4095
1718, 2620, 4
1718, 1789, 4
1721, 1722, 5764
1721, 1723, 5764
1724, 1725, 7961
1724, 1726, 3039
1725, 1761, 28
1725, 1780, 64
1726, 1728, 3039
1726, 1727, 3846
1728, 1729, 4095
1728, 1730, 3448
1728, 1739, 3448
1730, 1731, 4095
1730, 1732, 4095
1730, 1733, 3448
1730, 1799, 4
1730, 1745, 4
1730, 1783, 34
1730, 1764, 4
1733, 1734, 4095
1733, 1735, 4095
1733, 1736, 3448
1733, 2545, 4
1733, 2548, 4
1733, 1789, 34
1736, 1737, 5764
1736, 1738, 5764
1737, 2561, 373
1737, 2555, 373
1738, 2561, 373
1738, 2555, 373
1739, 1740, 7961
1739, 1741, 3039
1740, 1796, 98
1741, 1742, 3846
1741, 1743, 3039
1743, 1744, 4095
1743, 1745, 3448
1743, 1758, 3448
1745, 1766, 34
1745, 1746, 4095
1745, 1747, 4095
1745, 1748, 3448
1745, 1783, 4
1748, 1764, 4
1748, 1749, 4095
1748, 1750, 3448
1748, 1754, 3448
1750, 1799, 34
1750, 1751, 4095
1750, 1752, 4095
1750, 1753, 4095
1750, 2100, 4
1754, 1773, 4
1754, 3094, 34
1754, 1755, 4095
1754, 1756, 4095
1754, 1757, 4095
1758, 1760, 3039
1758, 1759, 7961
1759, 1808, 68
1760, 1761, 3846
1760, 1762, 3039
1762, 1777, 3448
1762, 1763, 4095
1762, 1764, 3448
1764, 1765, 4095
1764, 1766, 3448
1764, 1769, 3448
1764, 1811, 4
1764, 1789, 34
1766, 1767, 4095
1766, 1768, 4095
1766, 1773, 3448
1769, 2624, 34
1769, 1771, 4095
1769, 1770, 4095
1769, 1835, 4
1769, 1772, 4095
1769, 1837, 34
1769, 2531, 4
1769, 1844, 34
1769, 1814, 4
1769, 1783, 4
1769, 2620, 34
1773, 1774, 4095
1773, 1775, 4095
1773, 1776, 4095
1773, 2618, 34
1777, 1779, 3039
1777, 1778, 7961
1778, 1808, 7
1778, 1832, 3
1779, 1780, 3846
1779, 1781, 3039
1781, 1793, 3448
1781, 1782, 4095
1781, 1783, 3448
1783, 1799, 34
1783, 1835, 4
1783, 1811, 4
1783, 1784, 4095
1783, 1785, 3448
1783, 1789, 3448
1785, 1856, 34
1785, 1860, 34
1785, 2488, 34
1785, 1786, 4095
1785, 1787, 4095
1785, 1788, 4095
1789, 1792, 4095
1789, 2531, 34
1789, 1837, 4
1789, 2545, 34
1789, 1844, 4
1789, 1790, 4095
1789, 2548, 34
1789, 2620, 34
1789, 1854, 4
1789, 1791, 4095
1793, 1794, 7961
1793, 1795, 3039
1794, 1832, 79
1794, 1851, 283
1795, 1796, 3846
1795, 1797, 3039
1797, 1805, 3448
1797, 1798, 4095
1797, 1799, 3448
1799, 1860, 34
1799, 1800, 4095
1799, 1801, 4095
1799, 1802, 3448
1799, 1835, 4
1799, 1814, 34
1799, 2100, 4
1802, 1803, 5764
1802, 1804, 5764
1803, 2108, 373
1804, 2108, 373
1805, 1806, 7961
1805, 1807, 3039
1806, 1867, 5
1806, 2071, 90
1807, 1808, 3846
1807, 1809, 3039
1809, 1810, 4095
1809, 1811, 3448
1809, 1829, 3448
1811, 2061, 4
1811, 1837, 34
1811, 1812, 4095
1811, 1813, 4095
1811, 1814, 3448
1814, 1835, 4
1814, 2126, 34
1814, 2128, 34
1814, 1815, 4095
1814, 1816, 4095
1814, 1817, 3448
1817, 1818, 4095
1817, 1819, 4095
1817, 1820, 3039
1820, 1821, 3846
1820, 1822, 3039
1822, 1826, 4583
1822, 1823, 4583
1823, 1824, 3846
1823, 1825, 3846
1825, 3085, 2
1826, 1827, 3846
1826, 1828, 3846
1828, 3085, 7
1829, 1830, 7961
1829, 1831, 3039
1831, 1832, 3846
1831, 1833, 3039
1833, 1848, 3448
1833, 1834, 4095
1833, 1835, 3448
1835, 1836, 4095
1835, 1837, 3448
1835, 1840, 3448
1837, 1838, 4095
1837, 1839, 4095
1837, 1844, 3448
1840, 1856, 34
1840, 1860, 4
1840, 2535, 34
1840, 2444, 4
1840, 1880, 4
1840, 1841, 4095
1840, 1842, 4095
1840, 1843, 4095
1840, 1877, 4
1840, 2456, 34
1840, 1854, 34
1844, 2531, 34
1844, 1845, 4095
1844, 1846, 4095
1844, 1847, 4095
1844, 2620, 34
1844, 2591, 4
1848, 1850, 3039
1848, 1849, 7961
1849, 1874, 78
1850, 1851, 3846
1850, 1852, 3039
1852, 1864, 3448
1852, 1853, 4095
1852, 1854, 3448
1854, 1856, 3448
1854, 1860, 3448
1854, 1877, 4
1854, 1855, 4095
1856, 1857, 4095
1856, 1858, 4095
1856, 1859, 4095
1856, 2468, 4
1856, 2529, 4
1856, 2535, 34
1856, 2456, 34
1856, 2548, 4
1856, 2488, 34
1860, 1861, 4095
1860, 1862, 4095
1860, 1863, 4095
1860, 2485, 4
1864, 1865, 7961
1864, 1866, 3039
1866, 1867, 3846
1866, 1868, 3039
1868, 1869, 4095
1868, 1870, 4095
1868, 1871, 3448
1871, 1872, 7961
1871, 1873, 3039
1872, 1914, 40
1872, 2075, 26
1873, 1874, 3846
1873, 1875, 3039
1875, 1876, 4095
1875, 1877, 3448
1875, 1895, 3448
1877, 1901, 4
1877, 2061, 34
1877, 1880, 3448
1877, 2388, 4
1877, 1878, 4095
1877, 1879, 4095
1877, 2456, 34
1880, 1904, 4
1880, 1925, 34
1880, 2401, 4
1880, 2024, 34
1880, 2026, 34
1880, 2040, 4
1880, 1881, 4095
1880, 1882, 4095
1880, 1883, 3448
1883, 1884, 4095
1883, 1885, 4095
1883, 1886, 3039
1886, 1888, 3039
1886, 1887, 3846
1887, 2461, 373
1888, 1889, 4583
1888, 1892, 4583
1889, 1890, 3846
1889, 1891, 3846
1892, 1893, 3846
1892, 1894, 3846
1893, 2460, 373
1895, 1896, 7961
1895, 1897, 3039
1897, 1898, 3846
1897, 1899, 3039
1898, 2056, 258
1899, 1900, 4095
1899, 1901, 3448
1899, 1919, 3448
1901, 1925, 4
1901, 2026, 4
1901, 2061, 4
1901, 1902, 4095
1901, 1903, 4095
1901, 1904, 3448
1901, 2356, 34
1901, 2040, 34
1904, 2080, 4
1904, 2043, 4
1904, 1927, 4
1904, 2219, 4
1904, 2351, 34
1904, 1905, 4095
1904, 1906, 4095
1904, 2163, 4
1904, 2388, 34
1904, 2166, 4
1904, 1907, 3448
1904, 2078, 4
1907, 1908, 4095
1907, 1909, 4095
1907, 1910, 3039
1910, 1912, 3039
1910, 1911, 3846
1911, 2223, 373
1912, 1913, 4583
1912, 1916, 4583
1913, 1914, 3846
1913, 1915, 3846
1916, 1917, 3846
1916, 1918, 3846
1917, 2224, 373
1917, 2223, 373
1919, 1920, 7961
1919, 1921, 3039
1920, 2037, 244
1921, 1922, 3846
1921, 1923, 3039
1922, 2379, 272
1923, 1924, 4095
1923, 1925, 3448
1923, 1935, 3448
1925, 1926, 4095
1925, 1927, 3448
1925, 1931, 3448
1925, 2360, 4
1925, 2046, 4
1927, 2401, 34
1927, 2374, 4
1927, 1928, 4095
1927, 1929, 4095
1927, 1930, 4095
1927, 2351, 4
1927, 2388, 4
1927, 1958, 4
1931, 2050, 4
1931, 2026, 4
1931, 1932, 4095
1931, 1933, 4095
1931, 2030, 34
1931, 2000, 4
1931, 2354, 4
1931, 1934, 4095
1931, 1941, 34
1935, 1936, 7961
1935, 1937, 3039
1936, 2367, 281
1937, 1938, 3846
1937, 1939, 3039
1938, 2019, 280
1939, 1952, 3448
1939, 1940, 4095
1939, 1941, 3448
1941, 2304, 4
1941, 2050, 34
1941, 1958, 4
1941, 2284, 4
1941, 2000, 34
1941, 2321, 4
1941, 1970, 4
1941, 2260, 34
1941, 1942, 4095
1941, 1943, 4095
1941, 1944, 3448
1941, 2360, 34
1944, 1945, 3039
1944, 1947, 3448
1945, 1946, 3846
1945, 1949, 3039
1946, 1985, 110
1947, 1948, 4095
1947, 1951, 3039
1949, 1950, 4095
1949, 1951, 3039
1951, 2303, 28
1952, 1953, 7961
1952, 1954, 3039
1953, 1979, 72
1953, 1997, 1
1953, 1990, 274
1954, 1955, 3846
1954, 1956, 3039
1956, 1957, 4095
1956, 1958, 3448
1956, 1962, 3448
1958, 2374, 34
1958, 1959, 4095
1958, 1960, 4095
1958, 1961, 4095
1958, 1970, 34
1958, 2324, 4
1962, 1964, 3039
1962, 1963, 7961
1964, 1965, 3039
1964, 1973, 3039
1965, 1976, 3448
1965, 1966, 4095
1965, 1967, 3448
1967, 1968, 4095
1967, 1969, 4095
1967, 1970, 3448
1970, 2304, 4
1970, 2321, 4
1970, 1971, 4095
1970, 1972, 4095
1970, 2324, 34
1970, 1973, 3448
1973, 1974, 4095
1973, 1975, 4095
1976, 1977, 7961
1976, 1978, 3039
1978, 1979, 3846
1978, 1980, 3039
1980, 1987, 3448
1980, 1981, 4095
1980, 1982, 3448
1982, 1984, 4095
1982, 1985, 3567
1982, 1983, 4095
1985, 1986, 4573
1985, 1997, 143
1987, 1988, 7961
1987, 1989, 3039
1989, 1990, 3846
1989, 1991, 3039
1991, 1992, 4095
1991, 1993, 4095
1991, 1994, 3448
1994, 1995, 7961
1994, 1996, 3039
1996, 1997, 3846
1996, 1998, 3039
1998, 2000, 3448
1998, 2018, 3448
1998, 1999, 4095
2000, 2024, 4
2000, 2001, 4095
2000, 2002, 4095
2000, 2003, 3448
2003, 2050, 34
2003, 2284, 4
2003, 2030, 4
2003, 2290, 34
2003, 2004, 4095
2003, 2005, 4095
2003, 2006, 3448
2003, 2360, 4
2003, 2260, 4
2003, 2046, 34
2006, 2008, 4095
2006, 2009, 3039
2006, 2007, 4095
2009, 2010, 3846
2009, 2011, 3039
2010, 2264, 373
2010, 2053, 1
2011, 2012, 4583
2011, 2015, 4583
2012, 2013, 3846
2012, 2014, 3846
2015, 2016, 3846
2015, 2017, 3846
2016, 2265, 373
2016, 2302, 2
2018, 2019, 7961
2018, 2020, 3039
2020, 2021, 3846
2020, 2022, 3039
2022, 2024, 3448
2022, 2034, 3448
2022, 2023, 4095
2024, 2025, 4095
2024, 2026, 3448
2024, 2030, 3448
2024, 2040, 4
2024, 2136, 4
2026, 2027, 4095
2026, 2028, 4095
2026, 2029, 4095
2026, 2046, 4
2026, 2061, 4
2030, 2031, 4095
2030, 2032, 4095
2030, 2033, 4095
2030, 2043, 4
2034, 2035, 7961
2034, 2036, 3039
2035, 2143, 94
2036, 2037, 3846
2036, 2038, 3039
2038, 2040, 3448
2038, 2039, 4095
2038, 2055, 3448
2040, 2080, 4
2040, 2061, 4
2040, 2041, 4095
2040, 2042, 4095
2040, 2043, 3448
2043, 2044, 4723
2043, 2046, 4723
2044, 2048, 4723
2044, 2149, 4
2044, 2152, 4
2044, 2163, 34
2044, 2166, 34
2044, 2136, 34
2044, 2045, 4095
2046, 2050, 4723
2046, 2354, 4
2046, 2356, 34
2046, 2360, 34
2046, 2047, 4095
2048, 2272, 34
2048, 2049, 4095
2048, 2052, 4723
2050, 2051, 4095
2050, 2052, 4723
2050, 2284, 4
2050, 2290, 4
2050, 2238, 4
2050, 2354, 34
2050, 2260, 34
2050, 2351, 4
2052, 2053, 3567
2053, 2281, 18
2053, 2269, 75
2053, 2054, 4573
2055, 2056, 7961
2055, 2057, 3039
2057, 2058, 3846
2057, 2059, 3039
2058, 2140, 74
2059, 2072, 3448
2059, 2060, 4095
2059, 2061, 3448
2061, 2084, 4
2061, 2062, 4095
2061, 2063, 4095
2061, 2064, 3448
2061, 2136, 4
2061, 2116, 34
2061, 2094, 4
2064, 2065, 3039
2064, 2066, 5998
2065, 2113, 1
2065, 2091, 63
2065, 2068, 6128
2066, 2067, 4095
2066, 2070, 3039
2068, 2069, 4095
2068, 2070, 3039
2070, 2071, 3846
2072, 2073, 7961
2072, 2074, 3039
2073, 2113, 140
2073, 2133, 294
2074, 2075, 3846
2074, 2076, 3039
2076, 2088, 3448
2076, 2077, 4095
2076, 2078, 3448
2078, 2080, 3448
2078, 2084, 3448
2078, 2149, 34
2078, 2079, 4095
2080, 2081, 4095
2080, 2082, 4095
2080, 2083, 4095
2080, 2152, 4
2080, 2219, 4
2080, 2163, 4
2080, 2166, 4
2084, 2085, 4095
2084, 2086, 4095
2084, 2087, 4095
2084, 2094, 34
2084, 2097, 34
2088, 2089, 7961
2088, 2090, 3039
2090, 2091, 3846
2090, 2092, 3039
2092, 2094, 3448
2092, 2093, 4095
2092, 2110, 3448
2094, 2119, 34
2094, 2152, 4
2094, 2095, 4095
2094, 2096, 4095
2094, 2097, 3448
2097, 2122, 4
2097, 2098, 4095
2097, 2099, 4095
2097, 2100, 3448
2100, 2126, 4
2100, 2101, 4095
2100, 2102, 4095
2100, 2103, 3448
2103, 2104, 4095
2103, 2105, 4095
2103, 2106, 3039
2106, 2107, 3846
2106, 2108, 3846
2106, 2109, 3846
2110, 2112, 3039
2110, 2111, 7961
2112, 2113, 3846
2112, 2114, 3039
2114, 2130, 3448
2114, 2115, 4095
2114, 2116, 3448
2116, 2117, 4095
2116, 2118, 4095
2116, 2119, 3448
2116, 2152, 4
2116, 2136, 34
2119, 2120, 4723
2119, 2122, 4723
2120, 2121, 4095
2120, 2124, 4723
2122, 2123, 4095
2122, 2126, 4723
2124, 2128, 4723
2124, 2125, 4095
2126, 2127, 4095
2126, 2128, 4723
2128, 2129, 4095
2130, 2131, 7961
2130, 2132, 3039
2132, 2133, 3846
2132, 2134, 3039
2134, 2136, 3448
2134, 2144, 3448
2134, 2135, 4095
2136, 2152, 4
2136, 2137, 4095
2136, 2138, 4095
2136, 2139, 3448
2139, 2140, 7961
2139, 2141, 3039
2141, 2142, 3846
2141, 2143, 3846
2144, 2145, 7961
2144, 2146, 3039
2146, 2147, 3039
2146, 2155, 3039
2147, 2148, 4095
2147, 2149, 3448
2147, 2158, 3448
2149, 2181, 4
2149, 2150, 4095
2149, 2151, 4095
2149, 2152, 3448
2149, 2166, 34
2152, 2153, 4095
2152, 2154, 4095
2152, 2155, 3448
2152, 2163, 4
2155, 2156, 4095
2155, 2157, 4095
2158, 2160, 3039
2158, 2159, 7961
2160, 2161, 3039
2160, 2169, 3039
2161, 2162, 4095
2161, 2163, 3448
2161, 2172, 3448
2163, 2272, 4
2163, 2178, 4
2163, 2164, 4095
2163, 2165, 4095
2163, 2166, 3448
2163, 2200, 4
2163, 2238, 4
2166, 2216, 4
2166, 2354, 4
2166, 2356, 34
2166, 2167, 4095
2166, 2168, 4095
2166, 2169, 3448
2166, 2202, 4
2166, 2181, 4
2169, 2170, 4095
2169, 2171, 4095
2172, 2173, 7961
2172, 2174, 3039
2174, 2176, 3039
2174, 2175, 3846
2176, 2177, 4095
2176, 2178, 3448
2176, 2194, 3448
2178, 2179, 4095
2178, 2180, 4095
2178, 2181, 3448
2178, 2206, 34
2178, 2238, 4
2181, 2182, 4095
2181, 2183, 4095
2181, 2184, 3448
2184, 2272, 34
2184, 2185, 4095
2184, 2186, 4095
2184, 2187, 3448
2187, 2188, 4095
2187, 2189, 4095
2187, 2190, 3039
2190, 2192, 3846
2190, 2193, 3846
2190, 2191, 3846
2192, 2276, 373
2194, 2195, 7961
2194, 2196, 3039
2196, 2197, 3846
2196, 2198, 3039
2197, 2255, 4
2198, 2200, 3448
2198, 2210, 3448
2198, 2199, 4095
2200, 2206, 3448
2200, 2201, 4095
2200, 2202, 3448
2200, 2238, 34
2202, 2244, 34
2202, 2216, 34
2202, 2203, 4095
2202, 2204, 4095
2202, 2205, 4095
2206, 2208, 4095
2206, 2272, 4
2206, 2209, 4095
2206, 2241, 4
2206, 2207, 4095
2210, 2211, 7961
2210, 2212, 3039
2211, 2235, 124
2212, 2213, 3846
2212, 2214, 3039
2214, 2216, 3448
2214, 2225, 3448
2214, 2215, 4095
2216, 2217, 4095
2216, 2218, 4095
2216, 2219, 3448
2216, 2238, 4
2219, 2220, 4095
2219, 2221, 4095
2219, 2222, 3448
2219, 2356, 4
2222, 2224, 5764
2222, 2223, 5764
2225, 2226, 7961
2225, 2227, 3039
2227, 2228, 3846
2227, 2229, 3039
2229, 2232, 3448
2229, 2230, 4095
2229, 2231, 4095
2232, 2233, 7961
2232, 2234, 3039
2233, 2348, 213
2234, 2235, 3846
2234, 2236, 3039
2236, 2237, 4095
2236, 2254, 3448
2236, 2238, 3448
2238, 2240, 4095
2238, 2241, 3448
2238, 2354, 4
2238, 2260, 4
2238, 2239, 4095
2241, 2336, 4
2241, 2242, 4095
2241, 2243, 4095
2241, 2244, 3448
2241, 2321, 4
2241, 2339, 4
2241, 2356, 4
2244, 2245, 4095
2244, 2246, 4095
2244, 2247, 3448
2247, 2248, 4095
2247, 2249, 4095
2247, 2250, 3039
2250, 2251, 3846
2250, 2252, 3846
2250, 2253, 3846
2252, 2344, 373
2252, 2343, 373
2254, 2256, 3039
2254, 2255, 7961
2256, 2257, 3846
2256, 2258, 3039
2257, 2331, 320
2258, 2266, 3448
2258, 2259, 4095
2258, 2260, 3448
2260, 2272, 4
2260, 2304, 4
2260, 2284, 34
2260, 2321, 34
2260, 2262, 4095
2260, 2263, 3448
2260, 2360, 34
2260, 2261, 4095
2263, 2264, 5764
2263, 2265, 5764
2265, 2297, 124
2265, 2311, 13
2266, 2267, 7961
2266, 2268, 3039
2267, 2311, 13
2268, 2269, 3846
2268, 2270, 3039
2270, 2272, 3448
2270, 2278, 3448
2270, 2271, 4095
2272, 2273, 4095
2272, 2274, 4095
2272, 2275, 3448
2272, 2290, 34
2275, 2276, 5764
2275, 2277, 5764
2278, 2280, 3039
2278, 2279, 7961
2280, 2281, 3846
2280, 2282, 3039
2282, 2283, 4095
2282, 2284, 3448
2282, 2294, 3448
2284, 2285, 4095
2284, 2286, 3448
2284, 2290, 3448
2286, 2288, 4095
2286, 2289, 4095
2286, 2304, 34
2286, 2287, 4095
2290, 2291, 4095
2290, 2292, 4095
2290, 2293, 4095
2294, 2296, 3039
2294, 2295, 7961
2296, 2297, 3846
2296, 2298, 3039
2298, 2300, 3448
2298, 2299, 4095
2298, 2308, 3448
2300, 2304, 3448
2300, 2301, 4095
2300, 2302, 3567
2302, 2318, 163
2302, 2303, 4573
2304, 2305, 4095
2304, 2306, 4095
2304, 2307, 4095
2308, 2309, 7961
2308, 2310, 3039
2310, 2312, 3039
2310, 2311, 3846
2312, 2313, 4095
2312, 2314, 4095
2312, 2315, 3448
2315, 2316, 7961
2315, 2317, 3039
2317, 2318, 3846
2317, 2319, 3039
2319, 2320, 4095
2319, 2321, 3448
2319, 2330, 3448
2321, 2322, 4095
2321, 2323, 4095
2321, 2324, 3448
2324, 2336, 34
2324, 2339, 4
2324, 2374, 4
2324, 2325, 4095
2324, 2326, 4095
2324, 2327, 3448
2327, 2328, 5764
2327, 2329, 5764
2330, 2331, 7961
2330, 2332, 3039
2332, 2333, 3846
2332, 2334, 3039
2334, 2336, 3448
2334, 2345, 3448
2334, 2335, 4095
2336, 2338, 4095
2336, 2339, 3448
2336, 2374, 4
2336, 2337, 4095
2336, 2351, 4
2339, 2340, 4095
2339, 2341, 4095
2339, 2342, 3448
2339, 2354, 4
2342, 2344, 5764
2342, 2343, 5764
2345, 2346, 7961
2345, 2347, 3039
2347, 2348, 3846
2347, 2349, 3039
2349, 2364, 3448
2349, 2350, 4095
2349, 2351, 3448
2351, 2352, 4095
2351, 2374, 4
2351, 2353, 4095
2351, 2354, 3448
2351, 2388, 4
2354, 2355, 4095
2354, 2356, 3448
2354, 2360, 3448
2356, 2358, 4095
2356, 2357, 4095
2356, 2359, 4095
2360, 2361, 4095
2360, 2362, 4095
2360, 2363, 4095
2364, 2366, 3039
2364, 2365, 7961
2366, 2368, 3039
2366, 2367, 3846
2368, 2369, 4095
2368, 2370, 3448
2368, 2378, 3448
2370, 2371, 4095
2370, 2372, 3567
2370, 2374, 3448
2372, 2373, 4573
2374, 2376, 4095
2374, 2377, 4095
2374, 2375, 4095
2378, 2379, 7961
2378, 2380, 3039
2380, 2381, 3846
2380, 2382, 3039
2382, 2384, 3448
2382, 2392, 3448
2382, 2383, 4095
2384, 2385, 4095
2384, 2386, 3567
2384, 2388, 3448
2386, 2387, 4573
2388, 2390, 4095
2388, 2391, 4095
2388, 2456, 4
2388, 2398, 4
2388, 2389, 4095
2392, 2393, 7961
2392, 2394, 3039
2394, 2395, 3846
2394, 2396, 3039
2395, 2461, 1
2396, 2416, 3448
2396, 2397, 4095
2396, 2398, 3448
2398, 2400, 4095
2398, 2401, 3448
2398, 2471, 4
2398, 2444, 34
2398, 2422, 4
2398, 2456, 34
2398, 2399, 4095
2401, 2402, 4095
2401, 2403, 4095
2401, 2404, 3448
2404, 2405, 4095
2404, 2406, 4095
2404, 2407, 3039
2407, 2408, 3846
2407, 2409, 3039
2408, 2461, 373
2409, 2410, 4583
2409, 2413, 4583
2410, 2411, 3846
2410, 2412, 3846
2412, 2449, 373
2413, 2414, 3846
2413, 2415, 3846
2414, 2460, 373
2415, 2449, 373
2416, 2417, 7961
2416, 2418, 3039
2417, 2453, 42
2418, 2419, 3846
2418, 2420, 3039
2420, 2422, 3448
2420, 2421, 4095
2420, 2438, 3448
2422, 2444, 4
2422, 2424, 4095
2422, 2423, 4095
2422, 2456, 4
2422, 2425, 3448
2425, 2468, 4
2425, 2471, 34
2425, 2426, 4095
2425, 2427, 4095
2425, 2428, 3448
2428, 2429, 4095
2428, 2430, 4095
2428, 2431, 3448
2431, 2432, 4095
2431, 2433, 4095
2431, 2434, 3039
2434, 2435, 3846
2434, 2436, 3846
2434, 2437, 3846
2438, 2440, 3039
2438, 2439, 7961
2439, 2465, 1
2439, 2518, 1
2440, 2441, 3846
2440, 2442, 3039
2442, 2450, 3448
2442, 2443, 4095
2442, 2444, 3448
2444, 2468, 4
2444, 2445, 4095
2444, 2446, 4095
2444, 2447, 3448
2444, 2519, 4
2444, 2456, 34
2447, 2448, 5764
2447, 2449, 5764
2448, 2605, 373
2449, 2605, 373
2450, 2451, 7961
2450, 2452, 3039
2451, 2605, 1
2452, 2453, 3846
2452, 2454, 3039
2454, 2456, 3448
2454, 2462, 3448
2454, 2455, 4095
2456, 2471, 4
2456, 2535, 34
2456, 2457, 4095
2456, 2458, 4095
2456, 2459, 3448
2459, 2460, 5764
2459, 2461, 5764
2462, 2464, 3039
2462, 2463, 7961
2464, 2465, 3846
2464, 2466, 3039
2465, 2517, 3
2466, 2467, 4095
2466, 2468, 3448
2466, 2479, 3448
2468, 2500, 4
2468, 2469, 4095
2468, 2470, 4095
2468, 2471, 3448
2468, 2535, 4
2468, 2485, 4
2471, 2529, 4
2471, 2472, 4095
2471, 2473, 4095
2471, 2474, 3448
2471, 2488, 4
2474, 2475, 7961
2474, 2476, 3039
2476, 2477, 3846
2476, 2478, 3846
2479, 2480, 7961
2479, 2481, 3039
2480, 2512, 25
2480, 2526, 123
2481, 2482, 3846
2481, 2483, 3039
2482, 2493, 54
2483, 2484, 4095
2483, 2485, 3448
2483, 2494, 3448
2485, 2529, 4
2485, 2500, 34
2485, 2548, 34
2485, 2486, 4095
2485, 2487, 4095
2485, 2488, 3448
2488, 2535, 4
2488, 2503, 4
2488, 2545, 4
2488, 2489, 4095
2488, 2490, 4095
2488, 2491, 3448
2491, 2492, 5764
2491, 2493, 5764
2494, 2496, 3039
2494, 2495, 7961
2495, 2526, 3
2495, 2542, 255
2496, 2497, 3846
2496, 2498, 3039
2498, 2499, 4095
2498, 2500, 3448
2498, 2509, 3448
2500, 2529, 4
2500, 2501, 4095
2500, 2502, 4095
2500, 2503, 3448
2500, 2545, 4
2500, 2519, 34
2503, 2504, 4095
2503, 2505, 4095
2503, 2506, 3448
2503, 2572, 4
2503, 2575, 4
2503, 2548, 4
2506, 2507, 5764
2506, 2508, 5764
2509, 2510, 7961
2509, 2511, 3039
2510, 2566, 45
2511, 2512, 3846
2511, 2513, 3039
2513, 2514, 4095
2513, 2515, 3448
2513, 2523, 3448
2515, 2516, 4095
2515, 2517, 3567
2515, 2519, 3448
2517, 2518, 4573
2519, 2535, 4
2519, 2575, 4
2519, 2520, 4095
2519, 2521, 4095
2519, 2522, 4095
2523, 2524, 7961
2523, 2525, 3039
2524, 2588, 45
2525, 2526, 3846
2525, 2527, 3039
2527, 2528, 4095
2527, 2529, 3448
2527, 2539, 3448
2529, 2530, 4095
2529, 2531, 3448
2529, 2569, 4
2529, 2535, 3448
2529, 2548, 34
2529, 2591, 4
2531, 2532, 4095
2531, 2533, 4095
2531, 2534, 4095
2531, 2545, 4
2531, 2620, 34
2535, 2594, 4
2535, 2536, 4095
2535, 2537, 4095
2535, 2538, 4095
2535, 2618, 4
2539, 2540, 7961
2539, 2541, 3039
2540, 2588, 16
2540, 2612, 76
2541, 2542, 3846
2541, 2543, 3039
2543, 2544, 4095
2543, 2545, 3448
2543, 2563, 3448
2545, 2569, 34
2545, 2640, 4
2545, 2546, 4095
2545, 2547, 4095
2545, 2548, 3448
2545, 2615, 4
2545, 2591, 4
2548, 2550, 4095
2548, 2572, 4
2548, 2551, 3448
2548, 2620, 4
2548, 2549, 4095
2551, 2552, 4095
2551, 2553, 4095
2551, 2554, 3039
2554, 2555, 3846
2554, 2556, 3039
2556, 2560, 4583
2556, 2557, 4583
2557, 2558, 3846
2557, 2559, 3846
2560, 2561, 3846
2560, 2562, 3846
2563, 2564, 7961
2563, 2565, 3039
2564, 2612, 13
2564, 2631, 97
2565, 2566, 3846
2565, 2567, 3039
2567, 2568, 4095
2567, 2569, 3448
2567, 2585, 3448
2569, 2570, 4095
2569, 2571, 4095
2569, 2572, 3448
2569, 2650, 4
2569, 2634, 4
2572, 2636, 4
2572, 2573, 4095
2572, 2574, 4095
2572, 2575, 3448
2575, 2576, 4095
2575, 2577, 4095
2575, 2578, 3448
2578, 2579, 4095
2578, 2580, 4095
2578, 2581, 3039
2581, 2584, 3846
2581, 2582, 3846
2581, 2583, 3846
2585, 2586, 7961
2585, 2587, 3039
2586, 2647, 51
2587, 2588, 3846
2587, 2589, 3039
2589, 2609, 3448
2589, 2590, 4095
2589, 2591, 3448
2591, 2592, 4095
2591, 2594, 3448
2591, 2593, 4095
2591, 2665, 4
2591, 2634, 4
2591, 2615, 34
2591, 2650, 4
2594, 2595, 4095
2594, 2596, 4095
2594, 2597, 3448
2594, 2618, 4
2597, 2600, 3039
2597, 2598, 4095
2597, 2599, 4095
2600, 2601, 3846
2600, 2602, 3039
2602, 2603, 4583
2602, 2606, 4583
2603, 2604, 3846
2603, 2605, 3846
2606, 2608, 3846
2606, 2607, 3846
2609, 2610, 7961
2609, 2611, 3039
2610, 2662, 108
2611, 2612, 3846
2611, 2613, 3039
2613, 2628, 3448
2613, 2614, 4095
2613, 2615, 3448
2615, 2665, 4
2615, 2640, 4
2615, 2616, 4095
2615, 2617, 4095
2615, 2618, 3448
2615, 2650, 4
2615, 2686, 4
2618, 2624, 3448
2618, 2634, 4
2618, 2619, 4095
2618, 2620, 3448
2620, 2621, 4095
2620, 2622, 4095
2620, 2623, 4095
2624, 2625, 4095
2624, 2627, 4095
2624, 2668, 4
2624, 2626, 4095
2624, 2671, 4
2628, 2630, 3039
2628, 2629, 7961
2629, 2683, 138
2630, 2632, 3039
2630, 2631, 3846
2632, 2633, 4095
2632, 2634, 3448
2632, 2644, 3448
2634, 2635, 4095
2634, 2636, 3448
2634, 2640, 3448
2634, 2650, 4
2634, 2686, 4
2636, 2637, 4095
2636, 2638, 4095
2636, 2639, 4095
2636, 2706, 4
2636, 2703, 4
2636, 2653, 4
2640, 2641, 4095
2640, 2642, 4095
2640, 2643, 4095
2644, 2645, 7961
2644, 2646, 3039
2645, 2700, 150
2646, 2648, 3039
2646, 2647, 3846
2648, 2649, 4095
2648, 2650, 3448
2648, 2659, 3448
2650, 2651, 4095
2650, 2652, 4095
2650, 2653, 3448
2653, 2656, 3448
2653, 2654, 4095
2653, 2655, 4095
2656, 2657, 5764
2656, 2658, 5764
2659, 2660, 7961
2659, 2661, 3039
2660, 2717, 24
2661, 2662, 3846
2661, 2663, 3039
2663, 2664, 4095
2663, 2665, 3448
2663, 2680, 3448
2665, 2720, 4
2665, 2666, 4095
2665, 2667, 4095
2665, 2668, 3448
2665, 2703, 4
2665, 2686, 34
2668, 2669, 4723
2668, 2671, 4723
2669, 2726, 4
2669, 2727, 34
2669, 2670, 4095
2669, 2673, 4723
2671, 2672, 4095
2671, 2675, 4723
2673, 2723, 4
2673, 2674, 4095
2673, 2677, 4723
2675, 2676, 4095
2675, 2741, 34
2675, 2677, 4723
2677, 2678, 3567
2678, 2679, 4573
2680, 2681, 7961
2680, 2682, 3039
2681, 2717, 23
2681, 2734, 96
2682, 2683, 3846
2682, 2684, 3039
2684, 2697, 3448
2684, 2685, 4095
2684, 2686, 3448
2686, 2688, 4095
2686, 2689, 3448
2686, 2703, 34
2686, 2687, 4095
2686, 2720, 4
2686, 2751, 4
2689, 2690, 3039
2689, 2691, 5998
2690, 2693, 6128
2691, 2692, 4095
2691, 2695, 3039
2693, 2694, 4095
2693, 2695, 3039
2695, 2696, 3846
2697, 2698, 7961
2697, 2699, 3039
2698, 2748, 257
2698, 2734, 18
2699, 2700, 3846
2699, 2701, 3039
2701, 2714, 3448
2701, 2702, 4095
2701, 2703, 3448
2703, 2720, 4
2703, 2763, 4
2703, 2704, 4095
2703, 2705, 4095
2703, 2706, 3448
2703, 2751, 4
2706, 2723, 4
2706, 2707, 4095
2706, 2708, 4095
2706, 2709, 3448
2709, 2710, 7961
2709, 2711, 3039
2711, 2712, 3846
2711, 2713, 3846
2714, 2715, 7961
2714, 2716, 3039
2716, 2717, 3846
2716, 2718, 3039
2718, 2720, 3448
2718, 2731, 3448
2718, 2719, 4095
2720, 2721, 4095
2720, 2722, 4095
2720, 2723, 3448
2720, 2763, 4
2720, 2741, 4
2720, 2751, 4
2723, 2784, 4
2723, 2724, 4095
2723, 2725, 4095
2723, 2726, 2710
2723, 2760, 4
2723, 2775, 4
2726, 2727, 2710
2727, 2728, 4095
2727, 2729, 4095
2727, 2730, 4095
2731, 2732, 7961
2731, 2733, 3039
2732, 2772, 6
2733, 2734, 3846
2733, 2735, 3039
2735, 2736, 4095
2735, 2737, 3448
2735, 2745, 3448
2737, 2738, 4095
2737, 2739, 3567
2737, 2741, 3448
2739, 2740, 4573
2741, 2742, 4095
2741, 2743, 4095
2741, 2803, 34
2741, 2775, 34
2741, 2744, 4095
2741, 2751, 4
2745, 2746, 7961
2745, 2747, 3039
2746, 2772, 14
2746, 2791, 268
2747, 2748, 3846
2747, 2749, 3039
2749, 2750, 4095
2749, 2755, 3448
2749, 2751, 3448
2751, 2752, 4095
2751, 2754, 4095
2751, 2753, 4095
2751, 2794, 4
2751, 2763, 34
2751, 2775, 4
2755, 2756, 7961
2755, 2757, 3039
2756, 2810, 55
2756, 2791, 1
2757, 2758, 3039
2757, 2766, 3039
2758, 2760, 3448
2758, 2769, 3448
2758, 2759, 4095
2760, 2761, 4095
2760, 2762, 4095
2760, 2763, 3448
2760, 2820, 4
2760, 2794, 4
2763, 2764, 4095
2763, 2765, 4095
2763, 2766, 3448
2763, 2775, 4
2763, 2778, 4
2766, 2768, 4095
2766, 2767, 4095
2769, 2770, 7961
2769, 2771, 3039
2770, 2817, 151
2771, 2772, 3846
2771, 2773, 3039
2773, 2788, 3448
2773, 2774, 4095
2773, 2775, 3448
2775, 2796, 34
2775, 2776, 4095
2775, 2777, 4095
2775, 2778, 3448
2778, 2784, 3448
2778, 2803, 4
2778, 2779, 4095
2778, 2780, 3448
2778, 2847, 4
2780, 2851, 34
2780, 2820, 4
2780, 2844, 4
2780, 2824, 34
2780, 2828, 34
2780, 2781, 4095
2780, 2783, 4095
2780, 2782, 4095
2780, 2847, 34
2784, 2785, 4095
2784, 2786, 4095
2784, 2823, 4
2784, 2787, 4095
2784, 2841, 4
2788, 2790, 3039
2788, 2789, 7961
2789, 2838, 197
2790, 2792, 3039
2790, 2791, 3846
2792, 2793, 4095
2792, 2794, 3448
2792, 2807, 3448
2794, 2820, 4
2794, 2795, 4095
2794, 2796, 3448
2794, 2799, 3448
2794, 2841, 4
2796, 2797, 4095
2796, 2798, 4095
2796, 2803, 3448
2796, 2847, 4
2799, 3008, 4
2799, 3010, 34
2799, 3012, 34
2799, 2800, 4095
2799, 2801, 4095
2799, 2802, 4095
2799, 2844, 4
2803, 2851, 4
2803, 2804, 4095
2803, 2806, 4095
2803, 3036, 4
2803, 3006, 34
2803, 2805, 4095
2807, 2808, 7961
2807, 2809, 3039
2808, 2859, 69
2809, 2810, 3846
2809, 2811, 3039
2811, 2812, 4095
2811, 2813, 4095
2811, 2814, 3448
2814, 2816, 3039
2814, 2815, 7961
2815, 2870, 43
2816, 2817, 3846
2816, 2818, 3039
2818, 2819, 4095
2818, 2835, 3448
2818, 2820, 3448
2820, 2821, 4095
2820, 2822, 4095
2820, 2823, 3448
2823, 2826, 4723
2823, 2824, 4723
2824, 2828, 4723
2824, 2841, 34
2824, 2844, 34
2824, 2845, 34
2824, 2825, 4095
2826, 2827, 4095
2826, 2830, 4723
2828, 2849, 34
2828, 2829, 4095
2828, 2832, 4723
2828, 2898, 34
2828, 2970, 4
2828, 2895, 34
2830, 2832, 4723
2830, 2831, 4095
2832, 2833, 3567
2833, 2834, 4573
2835, 2836, 7961
2835, 2837, 3039
2836, 2892, 153
2836, 2870, 26
2837, 2838, 3846
2837, 2839, 3039
2839, 2840, 4095
2839, 2841, 3448
2839, 2856, 3448
2841, 2842, 4095
2841, 2843, 4095
2841, 2844, 3448
2841, 3002, 4
2844, 2845, 4723
2844, 2847, 4723
2845, 2849, 4723
2845, 2895, 34
2845, 2952, 4
2845, 2898, 4
2845, 2970, 34
2845, 2846, 4095
2847, 2848, 4095
2847, 2851, 4723
2847, 3006, 4
2849, 2850, 4095
2849, 2853, 4723
2849, 2898, 34
2851, 2852, 4095
2851, 2853, 4723
2853, 2854, 3567
2854, 2855, 4573
2856, 2857, 7961
2856, 2858, 3039
2857, 2907, 78
2858, 2859, 3846
2858, 2860, 3039
2860, 2867, 3448
2860, 2861, 4095
2860, 2862, 3448
2862, 2864, 4095
2862, 2865, 3567
2862, 2863, 4095
2865, 2866, 4573
2867, 2868, 7961
2867, 2869, 3039
2868, 2917, 59
2869, 2870, 3846
2869, 2871, 3039
2871, 2872, 4095
2871, 2873, 3448
2871, 2889, 3448
2873, 2920, 4
2873, 2898, 4
2873, 2935, 4
2873, 2874, 4095
2873, 2875, 4095
2873, 2876, 3448
2876, 2923, 4
2876, 2895, 4
2876, 2877, 4095
2876, 2878, 4095
2876, 2879, 3448
2879, 2880, 4095
2879, 2881, 4095
2879, 2882, 3448
2882, 2883, 4095
2882, 2884, 4095
2882, 2885, 3039
2885, 2888, 3846
2885, 2886, 3846
2885, 2887, 3846
2889, 2890, 7961
2889, 2891, 3039
2890, 2932, 97
2891, 2892, 3846
2891, 2893, 3039
2893, 2904, 3448
2893, 2894, 4095
2893, 2895, 3448
2895, 2920, 4
2895, 2896, 4095
2895, 2897, 4095
2895, 2898, 3448
2895, 2935, 4
2895, 2970, 34
2895, 2952, 34
2895, 2910, 34
2898, 2899, 4095
2898, 2900, 4095
2898, 2901, 3448
2901, 2902, 5764
2901, 2903, 5764
2902, 2958, 42
2904, 2905, 7961
2904, 2906, 3039
2905, 2963, 7
2905, 2949, 209
2905, 2942, 54
2906, 2907, 3846
2906, 2908, 3039
2908, 2914, 3448
2908, 2910, 3448
2908, 2909, 4095
2910, 2912, 4095
2910, 2913, 4095
2910, 2980, 34
2910, 2920, 34
2910, 2970, 34
2910, 3002, 34
2910, 2911, 4095
2914, 2916, 3039
2914, 2915, 7961
2916, 2917, 3846
2916, 2918, 3039
2918, 2920, 3448
2918, 2929, 3448
2918, 2919, 4095
2920, 2921, 4095
2920, 2922, 4095
2920, 2923, 3448
2920, 2935, 34
2923, 2924, 4095
2923, 2925, 4095
2923, 2926, 3448
2926, 2928, 5764
2926, 2927, 5764
2929, 2930, 7961
2929, 2931, 3039
2931, 2932, 3846
2931, 2933, 3039
2933, 2939, 3448
2933, 2934, 4095
2933, 2935, 3448
2935, 2952, 34
2935, 2937, 4095
2935, 2936, 4095
2935, 2938, 4095
2939, 2940, 7961
2939, 2941, 3039
2941, 2942, 3846
2941, 2943, 3039
2943, 2944, 4095
2943, 2945, 4095
2943, 2946, 3448
2946, 2947, 7961
2946, 2948, 3039
2948, 2949, 3846
2948, 2950, 3039
2950, 2952, 3448
2950, 2960, 3448
2950, 2951, 4095
2952, 2953, 4095
2952, 2954, 4095
2952, 2955, 3448
2952, 2970, 34
2955, 2956, 7961
2955, 2957, 3039
2957, 2958, 3846
2957, 2959, 3846
2960, 2961, 7961
2960, 2962, 3039
2962, 2963, 3846
2962, 2964, 3039
2964, 2966, 3448
2964, 2965, 4095
2964, 2974, 3448
2966, 2968, 3567
2966, 2970, 3448
2966, 2967, 4095
2968, 2969, 4573
2968, 2977, 28
2970, 2980, 4
2970, 2973, 4095
2970, 3002, 4
2970, 2971, 4095
2970, 2972, 4095
2974, 2976, 3039
2974, 2975, 7961
2976, 2977, 3846
2976, 2978, 3039
2978, 2980, 3448
2978, 2979, 4095
2978, 2996, 3448
2980, 2983, 3448
2980, 2982, 4095
2980, 3002, 4
2980, 2981, 4095
2983, 2984, 4095
2983, 2986, 3448
2983, 2985, 4095
2986, 2987, 4095
2986, 2988, 4095
2986, 2989, 3448
2989, 2992, 3039
2989, 2990, 4095
2989, 2991, 4095
2992, 2993, 3846
2992, 2994, 3846
2992, 2995, 3846
2996, 2997, 7961
2996, 2998, 3039
2998, 3000, 3039
2998, 2999, 3846
3000, 3001, 4095
3000, 3002, 3448
3000, 3017, 3448
3002, 3003, 4095
3002, 3004, 4095
3002, 3005, 3448
3005, 3008, 4723
3005, 3023, 4
3005, 3006, 4723
3006, 3010, 4723
3006, 3007, 4095
3008, 3009, 4095
3008, 3012, 4723
3010, 3011, 4095
3010, 3014, 4723
3010, 3033, 4
3012, 3036, 34
3012, 3013, 4095
3012, 3014, 4723
3014, 3015, 3567
3015, 3016, 4573
3015, 3048, 1
3017, 3018, 7961
3017, 3019, 3039
3019, 3020, 3846
3019, 3021, 3039
3021, 3022, 4095
3021, 3027, 3448
3021, 3023, 3448
3023, 3323, 4
3023, 3308, 34
3023, 3024, 4095
3023, 3025, 4095
3023, 3026, 4095
3023, 3252, 4
3023, 3061, 4
3023, 3033, 4
3027, 3028, 7961
3027, 3029, 3039
3029, 3030, 3846
3029, 3031, 3039
3031, 3032, 4095
3031, 3033, 3448
3031, 3049, 3448
3033, 3035, 4095
3033, 3034, 4095
3033, 3055, 4
3033, 3036, 3448
3036, 3061, 4
3036, 3037, 4095
3036, 3038, 4095
3036, 3039, 3448
3039, 3040, 4095
3039, 3041, 4095
3039, 3042, 3448
3042, 3043, 4095
3042, 3044, 4095
3042, 3045, 3039
3045, 3048, 3846
3045, 3046, 3846
3045, 3047, 3846
3049, 3050, 7961
3049, 3051, 3039
3051, 3052, 3846
3051, 3053, 3039
3053, 3065, 3448
3053, 3054, 4095
3053, 3055, 3448
3055, 3056, 4095
3055, 3057, 3448
3055, 3061, 3448
3057, 3071, 4
3057, 3246, 4
3057, 3181, 34
3057, 3058, 4095
3057, 3059, 4095
3057, 3060, 4095
3057, 3183, 34
3057, 3231, 4
3061, 3323, 4
3061, 3301, 4
3061, 3063, 4095
3061, 3308, 4
3061, 3248, 4
3061, 3062, 4095
3061, 3064, 4095
3061, 3252, 34
3065, 3066, 7961
3065, 3067, 3039
3067, 3068, 3846
3067, 3069, 3039
3069, 3077, 3448
3069, 3070, 4095
3069, 3071, 3448
3071, 3072, 4095
3071, 3073, 4095
3071, 3074, 3448
3071, 3110, 34
3071, 3183, 34
3071, 3094, 4
3074, 3075, 5764
3074, 3076, 5764
3075, 3101, 28
3075, 3087, 243
3076, 3118, 373
3077, 3078, 7961
3077, 3079, 3039
3079, 3080, 3846
3079, 3081, 3039
3081, 3082, 4095
3081, 3083, 4095
3081, 3084, 3448
3084, 3085, 7961
3084, 3086, 3039
3086, 3088, 3039
3086, 3087, 3846
3088, 3089, 4095
3088, 3090, 3448
3088, 3098, 3448
3090, 3091, 4095
3090, 3092, 3567
3090, 3094, 3448
3092, 3093, 4573
3094, 3104, 4
3094, 3095, 4095
3094, 3096, 4095
3094, 3097, 4095
3098, 3099, 7961
3098, 3100, 3039
3100, 3101, 3846
3100, 3102, 3039
3102, 3104, 3448
3102, 3120, 3448
3102, 3103, 4095
3104, 3105, 4095
3104, 3106, 4095
3104, 3107, 3448
3104, 3187, 34
3104, 3166, 34
3104, 3128, 34
3107, 3108, 4095
3107, 3109, 4095
3107, 3110, 3448
3107, 3125, 4
3110, 3169, 4
3110, 3111, 4095
3110, 3112, 4095
3110, 3113, 3448
3110, 3181, 4
3113, 3114, 4095
3113, 3115, 4095
3113, 3116, 3039
3116, 3117, 3846
3116, 3118, 3846
3116, 3119, 3846
3120, 3121, 7961
3120, 3122, 3039
3122, 3123, 3039
3122, 3131, 3039
3123, 3124, 4095
3123, 3125, 3448
3123, 3134, 3448
3125, 3140, 4
3125, 3156, 4
3125, 3126, 4095
3125, 3127, 4095
3125, 3128, 3448
3128, 3169, 34
3128, 3129, 4095
3128, 3130, 4095
3128, 3131, 3448
3128, 3166, 34
3131, 3132, 4095
3131, 3133, 4095
3134, 3136, 3039
3134, 3135, 7961
3135, 3178, 74
3135, 3163, 128
3136, 3137, 3846
3136, 3138, 3039
3138, 3139, 4095
3138, 3140, 3448
3138, 3150, 3448
3140, 3141, 4095
3140, 3142, 3448
3140, 3146, 3448
3140, 3187, 4
3140, 3156, 4
3140, 3197, 4
3142, 3143, 4095
3142, 3144, 4095
3142, 3145, 4095
3142, 3181, 4
3146, 3147, 4095
3146, 3148, 4095
3146, 3149, 4095
3146, 3183, 4
3150, 3152, 3039
3150, 3151, 7961
3151, 3178, 4
3151, 3194, 158
3152, 3153, 3846
3152, 3154, 3039
3154, 3160, 3448
3154, 3155, 4095
3154, 3156, 3448
3156, 3169, 34
3156, 3187, 4
3156, 3158, 4095
3156, 3159, 4095
3156, 3197, 4
3156, 3157, 4095
3156, 3221, 4
3160, 3161, 7961
3160, 3162, 3039
3161, 3218, 15
3162, 3163, 3846
3162, 3164, 3039
3164, 3165, 4095
3164, 3166, 3448
3164, 3175, 3448
3166, 3168, 4095
3166, 3169, 3448
3166, 3187, 34
3166, 3221, 4
3166, 3167, 4095
3166, 3197, 4
3166, 3231, 4
3169, 3170, 4095
3169, 3171, 4095
3169, 3172, 3448
3169, 3181, 4
3172, 3173, 5764
3172, 3174, 5764
3175, 3176, 7961
3175, 3177, 3039
3176, 3228, 8
3177, 3178, 3846
3177, 3179, 3039
3179, 3180, 4095
3179, 3181, 3448
3179, 3191, 3448
3181, 3182, 4095
3181, 3183, 3448
3181, 3187, 3448
3181, 3197, 4
3181, 3221, 4
3183, 3185, 4095
3183, 3231, 34
3183, 3246, 4
3183, 3184, 4095
3183, 3186, 4095
3187, 3248, 4
3187, 3190, 4095
3187, 3188, 4095
3187, 3189, 4095
3191, 3192, 7961
3191, 3193, 3039
3192, 3240, 49
3192, 3228, 35
3193, 3194, 3846
3193, 3195, 3039
3195, 3196, 4095
3195, 3197, 3448
3195, 3215, 3448
3197, 3200, 3448
3197, 3198, 4095
3197, 3199, 4095
3197, 3231, 4
3197, 3221, 34
3200, 3201, 4095
3200, 3202, 4095
3200, 3203, 3448
3200, 3248, 34
3200, 3246, 4
3200, 3262, 4
3203, 3204, 4095
3203, 3205, 4095
3203, 3206, 3039
3206, 3208, 3039
3206, 3207, 3846
3208, 3209, 4583
3208, 3212, 4583
3209, 3210, 3846
3209, 3211, 3846
3212, 3213, 3846
3212, 3214, 3846
3215, 3216, 7961
3215, 3217, 3039
3216, 3240, 21
3216, 3259, 10
3217, 3218, 3846
3217, 3219, 3039
3219, 3220, 4095
3219, 3221, 3448
3219, 3225, 3448
3221, 3222, 4095
3221, 3243, 4
3221, 3280, 4
3221, 3262, 4
3221, 3223, 4095
3221, 3224, 4095
3221, 3231, 4
3225, 3226, 7961
3225, 3227, 3039
3226, 3274, 2
3227, 3228, 3846
3227, 3229, 3039
3229, 3237, 3448
3229, 3230, 4095
3229, 3231, 3448
3231, 3232, 4095
3231, 3233, 4095
3231, 3234, 3448
3231, 3262, 4
3231, 3246, 34
3231, 3283, 34
3234, 3235, 5764
3234, 3236, 5764
3235, 3291, 373
3236, 3291, 373
3237, 3238, 7961
3237, 3239, 3039
3238, 3296, 1
3238, 3274, 36
3239, 3240, 3846
3239, 3241, 3039
3241, 3256, 3448
3241, 3242, 4095
3241, 3243, 3448
3243, 3244, 4095
3243, 3245, 4095
3243, 3246, 3448
3243, 3277, 4
3243, 3262, 4
3246, 3248, 3448
3246, 3247, 4095
3246, 3252, 3448
3248, 3251, 4095
3248, 3249, 4095
3248, 3250, 4095
3252, 3253, 4095
3252, 3299, 4
3252, 3301, 4
3252, 3255, 4095
3252, 3308, 34
3252, 3318, 4
3252, 3323, 34
3252, 3321, 34
3252, 3254, 4095
3256, 3258, 3039
3256, 3257, 7961
3257, 3296, 50
3257, 3315, 233
3257, 3334, 166
3258, 3259, 3846
3258, 3260, 3039
3260, 3261, 4095
3260, 3262, 3448
3260, 3271, 3448
3262, 3264, 4095
3262, 3301, 4
3262, 3265, 3448
3262, 3318, 4
3262, 3280, 34
3262, 3263, 4095
3265, 3266, 4095
3265, 3267, 4095
3265, 3268, 3448
3265, 3277, 4
3268, 3269, 5764
3268, 3270, 5764
3271, 3272, 7961
3271, 3273, 3039
3273, 3274, 3846
3273, 3275, 3039
3275, 3276, 4095
3275, 3277, 3448
3275, 3293, 3448
3277, 3304, 34
3277, 3278, 4095
3277, 3279, 4095
3277, 3280, 3448
3280, 3301, 4
3280, 3281, 4095
3280, 3282, 4095
3280, 3283, 3448
3283, 3299, 4
3283, 3284, 4095
3283, 3285, 4095
3283, 3286, 3448
3286, 3288, 4095
3286, 3289, 3039
3286, 3287, 4095
3289, 3290, 3846
3289, 3291, 3846
3289, 3292, 3846
3293, 3294, 7961
3293, 3295, 3039
3295, 3296, 3846
3295, 3297, 3039
3297, 3312, 3448
3297, 3298, 4095
3297, 3299, 3448
3299, 3300, 4095
3299, 3301, 3448
3299, 3304, 3448
3301, 3302, 4095
3301, 3303, 4095
3301, 3308, 3448
3304, 3305, 4095
3304, 3306, 4095
3304, 3307, 4095
3308, 3323, 34
3308, 3311, 4095
3308, 3309, 4095
3308, 3310, 4095
3308, 3318, 4
3308, 3321, 34
3312, 3314, 3039
3312, 3313, 7961
3314, 3315, 3846
3314, 3316, 3039
3316, 3331, 3448
3316, 3317, 4095
3316, 3318, 3448
3318, 3319, 4095
3318, 3321, 3448
3318, 3320, 4095
3321, 3323, 3448
3321, 3322, 4095
3321, 3327, 3448
3323, 3324, 4095
3323, 3325, 4095
3323, 3326, 4095
3327, 3328, 4095
3327, 3329, 4095
3327, 3330, 4095
3331, 3332, 7961
3331, 3333, 3039
3333, 3334, 3846
3333, 3335, 3039
3335, 3336, 4095
3335, 3337, 4095
3335, 3338, 3448
3338, 3339, 5764
3338, 3340, 5764
